-- phpMyAdmin SQL Dump
-- version 4.0.2
-- http://www.phpmyadmin.net
--
-- Palvelin: 127.0.0.1
-- Luontiaika: 27.01.2015 klo 23:10
-- Palvelimen versio: 5.6.10
-- PHP:n versio: 5.4.33

SET SQL_MODE = "NO_AUTO_VALUE_ON_ZERO";
SET time_zone = "+00:00";


/*!40101 SET @OLD_CHARACTER_SET_CLIENT=@@CHARACTER_SET_CLIENT */;
/*!40101 SET @OLD_CHARACTER_SET_RESULTS=@@CHARACTER_SET_RESULTS */;
/*!40101 SET @OLD_COLLATION_CONNECTION=@@COLLATION_CONNECTION */;
/*!40101 SET NAMES utf8 */;

--
-- Tietokanta: `fuktor2`
--
CREATE DATABASE IF NOT EXISTS `fuktor2` DEFAULT CHARACTER SET utf8 COLLATE utf8_general_ci;
USE `fuktor2`;

-- --------------------------------------------------------

--
-- Rakenne taululle `author`
--

CREATE TABLE IF NOT EXISTS `author` (
  `id` int(11) NOT NULL AUTO_INCREMENT,
  `firstname` varchar(45) NOT NULL,
  `lastname` varchar(45) NOT NULL,
  PRIMARY KEY (`id`)
) ENGINE=InnoDB  DEFAULT CHARSET=utf8 AUTO_INCREMENT=106 ;

--
-- Vedos taulusta `author`
--

INSERT INTO `author` (`id`, `firstname`, `lastname`) VALUES
(1, 'James', 'Rollins'),
(2, 'Clive', 'Cussler'),
(4, 'Matthew', 'Reilly'),
(5, 'Dan', 'Brown'),
(6, 'Arne', 'Dahl'),
(7, 'Stieg', 'Larsson'),
(9, 'Juan', 'Goméz-Jurados'),
(10, 'James', 'Patterson'),
(11, 'Håkan', 'Nesser'),
(12, 'Henning', 'Mankell'),
(13, 'Ian', 'Caldwell'),
(14, 'Åke', 'Edwardson'),
(15, 'Reijo', 'Mäki'),
(16, 'Chris', 'Kuzneski'),
(17, 'Karin', 'Fossum'),
(18, 'Tove', 'Klackenberg'),
(19, 'Douglas', 'Adams2'),
(20, 'Ken', 'Follett'),
(21, 'Sam', 'Bourne'),
(22, 'Tom', 'Clancy'),
(23, 'Lothar', 'Günther'),
(24, 'Åsa', 'Nilsonne'),
(25, 'Dennis', 'Lehane'),
(26, 'Jens', 'Lapidus'),
(27, 'Val', 'McDermid'),
(28, 'Hans', 'Holmér'),
(29, 'Leif', 'GW'),
(30, 'Michael', 'Palmer'),
(31, 'P.D.', 'James'),
(32, 'Jarkko', 'Sipilä'),
(33, 'David', 'Baldacci'),
(34, 'Michael', 'White'),
(35, 'Paulo', 'Coelho'),
(36, 'John', 'Irving'),
(37, 'Vince', 'Flynn'),
(38, 'Lee', 'Child'),
(39, 'John', 'Grisham'),
(40, 'Jan', 'Guillou'),
(41, 'Nuri', 'Kino'),
(42, 'Steve', 'Berry'),
(43, 'Craig', 'Russell'),
(44, 'J.R.R', 'Tolkien'),
(45, 'Douglas', 'Preston'),
(46, 'Raymond', 'Khoury'),
(47, 'Roslund &', 'Hellström'),
(48, 'Kate', 'Mosse'),
(49, 'Clive', 'Cuss'),
(50, 'Martin', 'Fowler'),
(51, 'Kent', 'Beck'),
(52, 'Robert C.', 'Martin'),
(53, 'Eric', 'Gamma'),
(54, 'Aaron', 'Hillegass'),
(55, 'Stephen G.', 'Kochan'),
(56, 'Liza', 'Marklund'),
(57, 'Steve', 'Souders'),
(58, 'Steve', 'Souders'),
(59, 'Lars Bill', 'Lundholm'),
(60, 'Heikki', 'Hietala'),
(61, 'Mons', 'Kallentoft'),
(62, 'Ilkka', 'Remes'),
(63, 'Jeffery', 'Deaver'),
(64, 'Glenn', 'Cooper'),
(65, 'Jon', 'Trace'),
(66, 'Duncan', 'Falconer'),
(67, 'Stefan', 'Tegenfalk'),
(68, 'Hjort', 'Rosenfeldt'),
(69, 'Carin', 'Gerhardsen'),
(70, 'Patricia', 'Cornwell'),
(71, 'Jack', 'Higgins'),
(72, 'Niklas', 'Ekdal'),
(74, 'Robert Penn', 'Warren'),
(75, 'Jonathan', 'Kellerman'),
(76, 'Mark', 'Carwardine'),
(77, 'Terry', 'Jones'),
(78, 'Nick', 'Mason'),
(79, 'Dirk', 'Cussler'),
(80, 'Tom', 'Knox'),
(81, 'Björn', 'Hellberg'),
(82, 'Luis Miguel', 'Rocha'),
(83, 'Viveca', 'Sten'),
(84, 'Hans', 'Koppel'),
(85, 'Lincoln', 'Child'),
(86, 'Bengt', 'Liljegren'),
(87, 'Grant', 'Blackwood'),
(88, 'Paul', 'Kemprecos'),
(89, 'Lars', 'Kepler'),
(90, 'Kristina', 'Ohlsson'),
(91, 'Marko', 'Kilpi'),
(92, 'Jonas', 'Jonasson'),
(93, 'Richard', 'Preston'),
(94, 'Michael', 'Crichton'),
(95, 'Walter', 'Isaacson'),
(96, 'Thomas', 'Ringstedt'),
(97, 'Jack', 'Du Brul'),
(98, 'Jonas', 'Moström'),
(99, 'Stephen', 'Hawking'),
(100, 'Taavi', 'Soininvaara'),
(101, 'Andy', 'McDermott'),
(102, 'Graham', 'Brown'),
(103, 'Jussi', 'Adler-Olsen'),
(104, 'John', 'Doe'),
(105, 'John2', 'Doe2');

-- --------------------------------------------------------

--
-- Rakenne taululle `book`
--

CREATE TABLE IF NOT EXISTS `book` (
  `id` int(11) NOT NULL AUTO_INCREMENT,
  `title` varchar(128) NOT NULL,
  `language_id` varchar(3) NOT NULL,
  `page_count` int(11) NOT NULL,
  `is_read` tinyint(1) NOT NULL,
  `isbn` varchar(40) DEFAULT NULL,
  `created_at` timestamp NOT NULL DEFAULT CURRENT_TIMESTAMP ON UPDATE CURRENT_TIMESTAMP,
  `updated_at` timestamp NOT NULL DEFAULT '0000-00-00 00:00:00',
  `started_reading` timestamp NULL DEFAULT NULL,
  `finished_reading` timestamp NULL DEFAULT NULL,
  `rating` double DEFAULT NULL,
  `price` decimal(21,2) DEFAULT NULL,
  PRIMARY KEY (`id`)
) ENGINE=InnoDB  DEFAULT CHARSET=utf8 AUTO_INCREMENT=316 ;

--
-- Vedos taulusta `book`
--

INSERT INTO `book` (`id`, `title`, `language_id`, `page_count`, `is_read`, `isbn`, `created_at`, `updated_at`, `started_reading`, `finished_reading`, `rating`, `price`) VALUES
(1, 'Excavation22', 'en', 555, 1, '9781409120117111', '2014-12-07 11:35:14', '2014-12-07 11:35:14', '2010-05-11 21:00:00', '2010-06-01 21:00:00', 0, '12.45'),
(2, 'Flood Tide (A Dirk Pitt novel)', 'en', 512, 1, '9780743449779', '2010-09-30 19:34:47', '2013-07-26 17:25:05', NULL, NULL, 4, NULL),
(3, 'Iceberg: A Dirk Pitt Adventure', 'en', 400, 1, '9780751507324', '2010-09-30 19:34:47', '2011-07-09 18:29:40', NULL, NULL, 5, NULL),
(4, 'Polar Shift: A Novel from the Numa Files', 'en', 544, 1, '9780141017723', '2010-09-30 19:34:47', '2011-07-08 09:53:35', NULL, NULL, 4, NULL),
(5, 'Skeleton Coast: A Novel from the Oregon Files (Oregon Files 4)', 'en', 576, 1, '9780141021621', '2010-09-30 19:34:47', '2011-07-09 18:34:08', NULL, NULL, 3, NULL),
(6, 'Atlantis Found (A Dirk Pitt Novel)', 'en', 768, 1, '9780140287967', '2010-09-30 19:34:47', '2011-07-09 18:34:16', NULL, NULL, 4, NULL),
(7, 'Golden Buddha (Oregon Files 1)', 'en', 544, 1, '9780141010311', '2010-09-30 19:34:47', '2011-07-09 18:34:19', NULL, NULL, 5, NULL),
(8, 'The Navigator', 'en', 560, 1, '9780141036175', '2010-09-30 19:34:47', '2011-07-09 18:34:24', NULL, NULL, 3, NULL),
(9, 'Valhalla Rising (A Dirk Pitt Novel)', 'en', 544, 1, '9780140287974', '2010-09-30 19:34:47', '2011-07-09 18:35:26', NULL, NULL, 3, NULL),
(10, 'Plague Ship: A Novel of the Oregon Files', 'en', 640, 1, '9780141040691', '2010-09-30 19:34:47', '2011-07-09 18:35:44', NULL, NULL, 5, NULL),
(11, 'Treasure of Khan: A Dirk Pitt Novel', 'en', 704, 1, '9780141028194', '2010-09-30 19:34:47', '2011-07-09 18:36:41', NULL, NULL, 3, NULL),
(12, 'Temple', 'en', 784, 1, '9780330482486', '2010-09-30 19:34:47', '2011-07-09 18:41:03', NULL, NULL, 4, NULL),
(13, 'Seven Ancient Wonders', 'en', 518, 1, '9780330426572', '2010-09-30 19:34:47', '2011-07-09 18:41:41', NULL, NULL, 5, NULL),
(14, 'Contest', 'en', 493, 1, '9780330489959', '2010-09-30 19:34:47', '2011-07-09 18:42:06', NULL, NULL, 5, NULL),
(15, 'Ice Station', 'en', 688, 1, '9780330373999', '2010-09-30 19:34:47', '2011-07-09 18:43:05', NULL, NULL, 4, NULL),
(16, 'Scarecrow', 'en', 524, 1, '9780330487597', '2010-09-30 19:34:48', '2011-07-09 18:43:15', NULL, NULL, 4, NULL),
(17, 'The Da Vinci Code', 'en', 605, 1, '9780752100401', '2010-09-30 19:34:48', '2011-07-09 18:43:22', NULL, NULL, 3, NULL),
(18, 'Angels and Demons', 'en', 624, 1, '9780552150736', '2010-09-30 19:34:48', '2011-07-09 18:43:24', NULL, NULL, 4, NULL),
(19, 'Digital Fortress', 'en', 512, 1, '9780552151696', '2010-09-30 19:34:48', '2011-07-09 18:43:25', NULL, NULL, 5, NULL),
(20, 'Deception Point', 'en', 592, 1, '9780552151764', '2010-09-30 19:34:48', '2011-07-09 18:43:49', NULL, NULL, 5, NULL),
(21, 'Himmelsöga', 'se', 409, 1, '9789170016035', '2010-09-30 19:34:48', '2011-07-09 18:43:51', NULL, NULL, 4, NULL),
(22, 'Efterskalv', 'se', 396, 1, NULL, '2010-09-30 19:34:48', '2011-07-09 18:43:52', NULL, NULL, 4, NULL),
(23, 'Mörkertal', 'se', 392, 1, NULL, '2010-09-30 19:34:48', '2011-07-09 18:43:53', NULL, NULL, 2, NULL),
(24, 'Dödsmässa', 'se', 384, 1, NULL, '2010-09-30 19:34:48', '2011-07-09 18:43:55', NULL, NULL, 4, NULL),
(25, 'De största vatten', 'se', 368, 1, NULL, '2010-09-30 19:34:48', '2011-07-09 18:43:58', NULL, NULL, 4, NULL),
(26, 'Upp till toppen av berget', 'se', 373, 1, NULL, '2010-09-30 19:34:48', '2011-07-09 18:44:01', NULL, NULL, 4, NULL),
(27, 'Ont blod', 'se', 342, 1, NULL, '2010-09-30 19:34:48', '2011-07-09 18:44:03', NULL, NULL, 4, NULL),
(28, 'Misterioso', 'se', 334, 1, NULL, '2010-09-30 19:34:48', '2011-07-09 18:44:04', NULL, NULL, 4, NULL),
(29, 'Luftslottet som sprängdes', 'se', 704, 1, '9781849162746', '2010-09-30 19:34:48', '2011-07-09 18:44:05', NULL, NULL, 4, NULL),
(30, 'Flickan som lekte med elden', 'se', 632, 1, NULL, '2010-09-30 19:34:48', '2011-07-09 18:44:06', NULL, NULL, 4, NULL),
(31, 'Män som hatar kvinnor', 'se', 0, 1, NULL, '2010-09-30 19:34:48', '2011-07-09 18:44:10', NULL, NULL, 4, NULL),
(33, 'God''s spy', 'en', 371, 1, NULL, '2010-09-30 19:34:48', '2011-07-09 18:44:12', NULL, NULL, 3, NULL),
(34, 'London Bridges', 'en', 448, 1, '9780755305803', '2010-09-30 19:34:48', '2011-07-09 18:44:13', NULL, NULL, 3, NULL),
(35, 'En helt annan historia', 'se', 588, 1, '9789170015892', '2010-09-30 19:34:48', '2011-07-09 18:44:16', NULL, NULL, 3, NULL),
(37, 'The rule of four', 'en', 527, 1, '9780099451952', '2010-09-30 19:34:48', '2011-07-09 18:45:07', NULL, NULL, 4, NULL),
(38, 'Europa blues', 'se', 356, 1, NULL, '2010-09-30 19:34:48', '2011-07-09 18:45:09', NULL, NULL, 4, NULL),
(39, 'En midsommarnattsdröm', 'se', 355, 1, NULL, '2010-09-30 19:34:48', '2011-07-09 18:45:11', NULL, NULL, 4, NULL),
(40, 'Låt det aldrig ta slut', 'se', 342, 0, '9789113019734', '2010-09-30 19:34:48', '2014-01-07 22:11:14', '2013-12-31 22:00:00', NULL, 4, NULL),
(41, 'Till allt som varit dött', 'se', 267, 0, '9789176438060', '2010-09-30 19:34:48', '2011-07-08 08:32:49', NULL, NULL, 4, NULL),
(42, 'Sol och skugga', 'se', 404, 0, '9789172634442', '2010-09-30 19:34:48', '2011-07-06 09:10:56', NULL, NULL, 0, NULL),
(43, 'Dans med en ängel', 'se', 381, 1, '9789176434956', '2010-09-30 19:34:48', '2011-07-09 18:45:22', NULL, NULL, 4, NULL),
(44, 'Himlen är en plats på jorden', 'se', 447, 1, '9789176438787', '2010-09-30 19:34:48', '2011-07-09 18:45:24', NULL, NULL, 4, NULL),
(45, 'Rum nummer 10', 'se', 444, 0, '9789113019765', '2010-09-30 19:34:48', '2013-07-04 21:32:49', NULL, NULL, 3, NULL),
(46, 'Sukkanauhakäärme', 'fi', 284, 1, NULL, '2010-10-31 01:14:18', '2011-07-09 18:45:27', NULL, NULL, 3, NULL),
(47, 'Vares ja kaidan tien kulkijat', 'fi', 384, 1, NULL, '2010-09-30 19:34:48', '2011-07-09 18:45:29', NULL, NULL, 3, NULL),
(48, 'Jäätynyt enkeli', 'fi', 312, 1, NULL, '2010-09-30 19:34:48', '2011-07-09 18:45:30', NULL, NULL, 3, NULL),
(49, 'Black Jack', 'fi', 395, 1, NULL, '2010-09-30 19:34:48', '2011-07-09 18:45:32', NULL, NULL, 3, NULL),
(50, 'Mullan maku', 'fi', 416, 1, NULL, '2010-09-30 19:34:48', '2011-07-09 18:45:36', NULL, NULL, 3, NULL),
(51, 'Pitkä lounas', 'fi', 368, 1, NULL, '2010-09-30 19:34:48', '2011-07-09 18:45:38', NULL, NULL, 3, NULL),
(52, 'Huhtikuun tytöt', 'fi', 352, 1, NULL, '2010-09-30 19:34:48', '2011-07-09 18:45:39', NULL, NULL, 3, NULL),
(53, 'The Lost Throne', 'en', 608, 1, '9780141037073', '2010-09-30 19:34:48', '2011-07-09 18:45:41', NULL, NULL, 4, NULL),
(54, 'Svarta sekunder', 'se', 219, 1, NULL, '2010-09-30 19:34:48', '2011-07-09 18:45:44', NULL, NULL, 3, NULL),
(55, 'Påtaglig risk att skada', 'se', 244, 1, NULL, '2010-09-30 19:34:48', '2011-07-09 18:45:46', NULL, NULL, 3, NULL),
(56, 'Den femte kvinnan', 'se', 475, 1, NULL, '2010-09-30 19:34:48', '2011-07-09 18:45:49', NULL, NULL, 4, NULL),
(57, 'Danslärarens återkomst', 'se', 456, 1, NULL, '2010-09-30 19:34:48', '2013-01-27 22:59:32', NULL, NULL, 4, NULL),
(58, 'Mannen som log', 'se', 372, 1, NULL, '2010-09-30 19:34:48', '2011-07-15 20:53:57', NULL, NULL, 4, NULL),
(59, 'Kennedys hjärna', 'se', 386, 1, NULL, '2010-09-30 19:34:48', '2011-07-15 20:53:47', NULL, NULL, 5, NULL),
(60, 'Dirk Gently''s holistic detective agency', 'en', 247, 1, NULL, '2010-09-30 19:34:48', '2011-07-08 09:09:29', NULL, NULL, 3, NULL),
(61, 'Fritagningen', 'se', 442, 1, NULL, '2010-09-30 19:34:48', '2011-07-15 20:52:58', NULL, NULL, 4, NULL),
(62, 'The Righteous Men', 'en', 576, 1, '9780007203307', '2010-09-30 19:34:48', '2011-07-15 20:52:25', '2010-05-31 21:00:00', '2010-06-14 21:00:00', 3, NULL),
(63, 'The Sum of All Fears', 'en', 914, 1, '9780425133545', '2010-09-30 19:34:48', '2011-07-15 20:52:33', NULL, NULL, 5, NULL),
(64, 'Hundarna i RIga', 'se', 339, 1, NULL, '2010-09-30 19:34:48', '2011-07-15 20:53:46', NULL, NULL, 4, NULL),
(65, 'Den vita lejoninnan', 'se', 480, 1, NULL, '2010-09-30 19:34:48', '2011-07-15 20:53:45', NULL, NULL, 4, NULL),
(66, 'Ubåt', 'en', 470, 1, NULL, '2010-09-30 19:34:48', '2011-07-15 20:53:08', NULL, NULL, 2, NULL),
(67, 'Tunnare än blod', 'se', 252, 1, NULL, '2010-09-30 19:34:48', '2011-07-15 20:54:14', NULL, NULL, 3, NULL),
(68, 'Mystic River', 'en', 528, 1, '9780553816167', '2010-09-30 19:34:48', '2011-07-15 20:53:38', NULL, NULL, 4, NULL),
(69, 'Snabba cash', 'se', 475, 1, NULL, '2010-09-30 19:34:48', '2011-07-15 20:53:36', NULL, NULL, 5, NULL),
(70, 'Aldrig fucka upp', 'se', 499, 1, NULL, '2010-09-30 19:34:48', '2011-07-15 20:53:35', NULL, NULL, 5, NULL),
(71, 'The grave tattoo', 'en', 560, 1, '9780007142873', '2010-09-30 19:34:48', '2011-07-15 20:54:01', NULL, NULL, 2, NULL),
(72, 'Sjöjungfrun sjöng sin sång', 'se', 336, 0, NULL, '2010-09-30 19:34:48', '2011-07-06 09:10:56', NULL, NULL, 0, NULL),
(73, 'Loppan', 'se', 249, 1, NULL, '2010-09-30 19:34:48', '2011-07-15 20:53:14', NULL, NULL, 4, NULL),
(74, 'Blodshämd', 'se', 236, 1, NULL, '2010-09-30 19:34:48', '2011-07-15 20:53:13', NULL, NULL, 4, NULL),
(75, 'En annan tid, ett annat liv', 'se', 429, 1, NULL, '2010-09-30 19:34:48', '2011-07-15 20:53:05', NULL, NULL, 4, NULL),
(76, 'Åttan', 'se', 284, 1, NULL, '2010-09-30 19:34:48', '2013-07-07 19:02:34', NULL, NULL, 4, NULL),
(77, 'The fifth vial', 'en', 370, 1, NULL, '2010-09-30 19:34:48', '2011-07-15 20:54:16', NULL, NULL, 4, NULL),
(78, 'Det svarta tornet', 'se', 262, 1, NULL, '2010-09-30 19:34:48', '2011-07-15 20:53:19', NULL, NULL, 3, NULL),
(79, 'Karu Keikka', 'fi', 282, 1, NULL, '2010-09-30 19:34:48', '2011-07-15 20:54:29', NULL, NULL, 4, NULL),
(80, 'Pimeyden tango', 'fi', 303, 1, NULL, '2010-11-11 00:29:01', '2011-07-15 20:54:10', '2010-10-30 21:00:00', '2010-11-10 22:00:00', 4, NULL),
(81, 'The whole truth', 'en', 549, 1, '9780330456524', '2010-09-30 19:34:48', '2011-07-08 08:43:12', NULL, NULL, 5, NULL),
(82, 'Simple genius', 'en', 579, 1, '9780330450973', '2010-09-30 19:34:48', '2011-07-08 08:43:09', NULL, NULL, 4, NULL),
(83, 'Equinox', 'en', 424, 1, '9780099505235', '2010-09-30 19:34:48', '2011-07-15 20:54:37', NULL, NULL, 3, NULL),
(84, 'The alchemist', 'en', 177, 1, NULL, '2010-09-30 19:34:48', '2011-07-15 20:52:35', NULL, NULL, 4, NULL),
(85, 'Carambole', 'se', 327, 0, NULL, '2010-09-30 19:34:48', '2013-07-25 17:43:38', NULL, NULL, 0, NULL),
(86, 'Black order', 'en', 541, 1, NULL, '2010-09-30 19:34:48', '2011-07-15 20:54:24', NULL, NULL, 4, NULL),
(87, 'The Judas strain', 'en', 577, 1, '9780752882666', '2010-09-30 19:34:48', '2011-07-15 20:54:26', NULL, NULL, 4, NULL),
(88, 'The doomsday key', 'en', 471, 1, NULL, '2010-09-30 19:34:48', '2011-07-15 20:54:26', '2010-08-19 21:00:00', '2010-08-31 21:00:00', 4, NULL),
(89, 'The prophecy', 'en', 549, 1, NULL, '2010-11-21 18:20:50', '2011-07-15 20:53:35', '2010-11-14 22:00:00', '2010-11-20 22:00:00', 3, NULL),
(90, 'The Charlemagne pursuit', 'en', 597, 1, '9780340933480', '2010-09-30 19:34:48', '2011-07-08 09:00:32', '2010-07-24 21:00:00', '2010-08-04 21:00:00', 2, NULL),
(91, 'Extreme measures', 'en', 516, 1, NULL, '2010-09-30 19:34:48', '2011-07-15 20:52:56', NULL, NULL, 3, NULL),
(92, 'Kinesen', 'se', 582, 1, NULL, '2010-09-30 19:34:48', '2011-07-15 20:53:49', NULL, NULL, 5, NULL),
(93, 'Vixen 03', 'en', 368, 1, NULL, '2010-09-30 19:34:48', '2011-07-12 20:28:14', NULL, NULL, 3, NULL),
(94, 'Corsair', 'en', 537, 1, NULL, '2010-09-30 19:34:48', '2011-07-15 20:52:45', NULL, NULL, 4, NULL),
(95, 'Raise the Titanic!', 'en', 545, 1, NULL, '2010-09-30 19:34:49', '2011-07-15 20:52:53', NULL, NULL, 4, NULL),
(96, 'Cyclops', 'en', 500, 1, NULL, '2010-09-30 19:34:49', '2011-07-15 20:52:49', NULL, NULL, 4, NULL),
(97, 'Bad luck and trouble', 'en', 528, 1, NULL, '2010-09-30 19:34:49', '2011-07-15 20:52:30', NULL, NULL, 3, NULL),
(98, 'The associate', 'en', 485, 1, NULL, '2010-09-30 19:34:49', '2011-07-15 20:53:01', NULL, NULL, 4, NULL),
(99, 'Men inte om det gäller din dotter', 'se', 407, 1, NULL, '2010-09-30 19:34:49', '2011-07-15 20:53:03', NULL, NULL, 5, NULL),
(100, 'Välgörarna', 'se', 436, 1, NULL, '2010-09-30 19:34:49', '2011-07-15 20:53:31', NULL, NULL, 5, NULL),
(101, 'Arctic drift', 'en', 578, 1, NULL, '2010-09-30 19:34:49', '2011-07-15 20:52:42', NULL, NULL, 4, NULL),
(102, 'Map of bones', 'en', 512, 1, NULL, '2010-09-30 19:34:49', '2011-07-15 20:54:25', NULL, NULL, 4, NULL),
(104, 'Area 7', 'en', 573, 1, NULL, '2010-09-30 19:34:49', '2011-07-15 20:54:22', NULL, NULL, 4, NULL),
(105, 'Eternal', 'en', 450, 1, NULL, '2010-09-30 19:34:49', '2011-07-15 20:54:28', NULL, NULL, 2, NULL),
(106, 'The wheel of darkness', 'en', 513, 1, NULL, '2010-09-30 19:34:49', '2011-07-15 20:54:21', NULL, NULL, 4, NULL),
(107, 'The lord of the rings', 'en', 1145, 1, NULL, '2010-09-30 19:34:49', '2011-07-15 20:54:33', NULL, NULL, 5, NULL),
(108, 'Den orolige mannen', 'se', 555, 1, NULL, '2010-09-30 19:34:49', '2011-07-15 20:53:45', '2010-07-18 21:00:00', '2010-07-24 21:00:00', 4, NULL),
(109, 'Medusa', 'en', 518, 1, NULL, '2010-09-30 19:34:49', '2011-07-15 20:52:50', '2010-08-05 21:00:00', '2010-08-18 21:00:00', 4, NULL),
(110, 'Pacific Vortex!', 'en', 346, 1, NULL, '2010-09-30 19:34:49', '2011-07-15 20:52:51', '2010-09-06 21:00:00', '2010-09-19 21:00:00', 4, NULL),
(111, 'Serpent', 'en', 474, 1, '9780743449656', '2010-09-30 19:34:49', '2011-07-25 11:26:17', '2011-07-14 21:00:00', '2011-07-24 21:00:00', 4, NULL),
(112, 'Hour game', 'en', 723, 1, NULL, '2010-10-29 00:00:47', '2011-07-08 08:41:12', '2010-10-07 21:00:00', '2010-10-28 21:00:00', 3, NULL),
(113, 'Den sista vintern', 'se', 471, 1, NULL, '2010-09-30 19:34:49', '2014-07-28 16:46:17', '2014-01-21 22:00:00', '2014-01-27 22:00:00', 3, NULL),
(114, 'Blasphemy', 'en', 526, 1, '9780765349668', '2010-09-30 19:34:49', '2011-07-15 20:54:18', NULL, NULL, 4, NULL),
(115, 'The Sign', 'en', 499, 1, NULL, '2010-09-30 19:34:49', '2011-07-15 20:53:28', NULL, NULL, 3, NULL),
(116, 'The last templar', 'en', 440, 1, NULL, '2010-09-30 19:34:49', '2011-07-15 20:53:27', NULL, NULL, 4, NULL),
(117, 'The sanctuary', 'en', 471, 1, NULL, '2010-09-30 19:34:49', '2011-07-15 20:53:27', NULL, NULL, 4, NULL),
(118, 'The cabinet of curiousities', 'en', 640, 1, NULL, '2010-09-30 19:34:49', '2011-07-15 20:54:20', NULL, NULL, 3, NULL),
(119, 'The last night in twisted river', 'en', 588, 1, NULL, '2010-09-30 19:34:49', '2011-07-15 20:53:18', '2010-06-15 21:00:00', '2010-07-17 21:00:00', 4, NULL),
(120, 'Grisfesten', 'se', 305, 1, NULL, '2010-09-30 19:34:49', '2011-07-15 20:53:06', '2010-08-31 21:00:00', '2010-09-04 21:00:00', 4, NULL),
(122, 'Odjuret', 'se', 360, 1, NULL, '2010-09-30 19:34:49', '2011-07-15 20:53:10', '2010-09-19 21:00:00', '2010-09-24 21:00:00', 4, NULL),
(123, 'Labyrinth', 'en', 700, 1, NULL, '2010-09-30 19:34:49', '2011-07-15 20:54:06', NULL, NULL, 3, NULL),
(124, 'Sepulchre', 'en', 739, 0, NULL, '2010-09-30 19:34:49', '2011-07-06 09:10:56', NULL, NULL, 0, NULL),
(125, 'Box 21', 'se', 403, 1, NULL, '2010-10-09 10:42:23', '2011-07-15 20:53:09', '2010-09-26 21:00:00', '2010-10-07 21:00:00', 4, NULL),
(126, 'Shock wave', 'en', 660, 1, NULL, '2011-02-12 01:04:53', '2011-07-15 20:52:54', NULL, '2011-02-10 22:00:00', 4, NULL),
(127, 'Black wind', 'en', 677, 1, NULL, '2010-09-30 19:34:49', '2011-07-15 20:52:43', NULL, NULL, 4, NULL),
(128, 'Sacred stone', 'en', 525, 0, NULL, '2010-09-30 19:34:49', '2011-07-08 08:32:41', NULL, NULL, 4, NULL),
(129, 'Refactoring', 'en', 431, 1, NULL, '2010-09-30 19:34:49', '2011-07-06 09:10:56', NULL, NULL, 0, NULL),
(131, 'Clean Code', 'en', 431, 1, NULL, '2010-09-30 19:34:49', '2011-07-06 09:10:56', NULL, NULL, 0, NULL),
(132, 'Design patterns', 'en', 395, 1, NULL, '2010-09-30 19:34:49', '2011-07-06 09:10:56', NULL, NULL, 0, NULL),
(135, 'High performance web sites', 'en', 147, 1, NULL, '2010-09-30 19:34:49', '2011-07-06 09:10:56', NULL, NULL, 0, NULL),
(137, 'Tre sekunder', 'se', 592, 1, NULL, '2011-03-29 23:23:40', '2011-07-15 20:53:11', '2011-03-11 22:00:00', '2011-03-29 21:00:00', 4, NULL),
(138, 'The 5 greatest warriors', 'en', 574, 0, NULL, '2011-05-02 22:34:56', '2011-07-06 09:10:56', NULL, NULL, 0, NULL),
(139, 'Postcard killers', 'se', 359, 1, NULL, '2011-05-24 18:01:49', '2012-04-01 21:26:34', '2011-04-30 21:00:00', '2011-05-02 21:00:00', 4, NULL),
(140, 'Deliver us from evil', 'en', 597, 1, NULL, '2010-11-11 00:27:37', '2011-11-12 23:15:26', '2011-10-29 21:00:00', '2011-11-12 22:00:00', 3, NULL),
(141, 'Dragon', 'en', 602, 1, NULL, '2011-03-07 23:44:07', '2011-07-15 20:52:50', '2011-02-11 22:00:00', '2011-03-07 22:00:00', 4, NULL),
(142, 'Blue gold', 'en', 378, 1, NULL, '2011-07-02 21:46:41', '2011-07-15 20:52:44', '2011-06-15 21:00:00', '2011-06-28 21:00:00', 4, NULL),
(143, 'Pahan suudelma', 'fi', 350, 1, NULL, '2011-02-03 18:06:51', '2011-07-15 20:54:09', NULL, NULL, 4, NULL),
(144, 'Gamla Stan-morden', 'se', 439, 1, NULL, '2010-12-07 23:52:52', '2011-07-15 20:53:41', '2010-11-20 22:00:00', '2010-12-07 22:00:00', 5, NULL),
(145, 'Södermalmsmorden', 'se', 231, 1, NULL, '2010-11-21 18:23:22', '2011-07-15 20:53:41', NULL, NULL, 5, NULL),
(146, 'Kungsholmsmorden', 'se', 311, 1, NULL, '2010-11-21 18:25:01', '2011-07-15 20:53:41', NULL, NULL, 5, NULL),
(147, 'Östermalmsmorden', 'se', 308, 1, NULL, '2010-11-21 20:23:37', '2011-07-15 20:53:42', NULL, NULL, 5, NULL),
(148, 'The lost symbol', 'en', 509, 1, NULL, '2010-11-21 20:25:18', '2011-07-15 20:52:27', NULL, NULL, 3, NULL),
(149, 'Tulagi Hotel', 'en', 388, 1, NULL, '2010-12-17 00:14:49', '2011-07-15 20:53:12', '2010-12-05 22:00:00', '2010-12-16 22:00:00', 4, NULL),
(150, 'Moukanpeli', 'fi', 227, 1, NULL, '2011-05-24 18:01:16', '2011-07-15 20:54:09', '2011-05-02 21:00:00', '2011-05-09 21:00:00', 4, NULL),
(151, 'Enkelit kanssasi', 'fi', 298, 1, NULL, '2011-04-23 23:16:29', '2011-07-15 20:54:07', '2011-04-14 21:00:00', '2011-04-16 21:00:00', 4, NULL),
(152, 'Midvinterblod', 'se', 430, 1, NULL, '2011-04-23 23:17:08', '2011-07-15 20:53:23', '2011-04-17 21:00:00', '2011-04-20 21:00:00', 4, NULL),
(153, 'Shokkiaalto', 'fi', 416, 1, NULL, '2011-02-03 18:13:58', '2011-07-15 20:51:37', NULL, NULL, 4, NULL),
(154, 'Kolmastoista yö', 'fi', 359, 0, NULL, '2011-02-26 14:44:12', '2011-07-06 09:10:56', NULL, NULL, 0, NULL),
(155, 'Kuoleman kapellimestari', 'fi', 313, 0, NULL, '2011-02-26 14:45:02', '2011-07-06 09:10:56', NULL, NULL, 0, NULL),
(156, 'Altar of Eden', 'en', 402, 1, NULL, '2011-03-04 21:08:59', '2011-10-29 21:39:07', '2011-10-23 21:00:00', '2011-10-29 21:00:00', 3, NULL),
(157, 'The burning wire', 'en', 462, 1, NULL, '2011-03-04 21:09:38', '2011-10-02 22:06:31', '2011-08-29 21:00:00', '2011-10-02 21:00:00', 3, NULL),
(158, 'The tenth chamber', 'en', 436, 1, NULL, '2011-04-30 21:11:27', '2011-07-15 20:52:36', '2011-04-23 21:00:00', '2011-04-30 21:00:00', 4, NULL),
(159, 'The silent sea', 'en', 408, 1, NULL, '2011-03-05 16:35:53', '2011-08-31 19:14:48', '2011-07-25 21:00:00', '2011-08-02 21:00:00', 4, NULL),
(160, 'Impact', 'en', 464, 1, NULL, '2011-04-09 14:56:38', '2011-07-15 20:54:19', NULL, '2011-04-06 21:00:00', 4, NULL),
(161, 'The Rome prophecy', 'en', 458, 1, NULL, '2011-04-23 23:17:31', '2011-07-15 20:54:35', '2011-04-21 21:00:00', '2011-04-23 21:00:00', 4, NULL),
(162, 'Undersea prison', 'en', 426, 1, NULL, '2011-03-25 22:04:41', '2011-11-30 00:05:36', '2011-11-12 22:00:00', '2011-11-29 22:00:00', 3, NULL),
(164, 'The ice limit', 'en', 491, 1, NULL, '2011-04-09 14:55:42', '2012-03-22 22:49:02', '2012-03-11 22:00:00', '2012-03-22 22:00:00', 4, NULL),
(165, 'Riptide', 'en', 484, 1, NULL, '2011-04-09 14:50:49', '2012-03-11 22:56:19', NULL, NULL, 0, NULL),
(166, 'Vredens tid', 'se', 403, 1, NULL, '2011-04-09 14:57:53', '2013-02-16 23:29:00', '2013-02-07 22:00:00', '2013-02-16 22:00:00', 4, NULL),
(167, 'Vårlik', 'se', 432, 1, NULL, '2011-05-01 09:53:08', '2011-08-31 18:36:15', NULL, NULL, 4, NULL),
(168, 'Sommardöden', 'se', 416, 1, NULL, '2011-06-15 22:02:30', '2011-07-15 20:53:25', '2011-05-09 21:00:00', '2011-05-19 21:00:00', 4, NULL),
(169, 'Höstoffer', 'se', 428, 1, NULL, '2011-07-02 21:56:52', '2011-07-15 20:53:22', '2011-07-02 21:00:00', '2011-07-13 21:00:00', 3, NULL),
(171, 'The Spy', 'en', 473, 1, NULL, '2011-05-10 21:15:44', '2011-12-25 23:39:49', '2011-12-14 22:00:00', '2011-12-25 22:00:00', 4, NULL),
(172, 'Det fördolda', 'se', 420, 1, NULL, '2011-07-02 22:51:13', '2012-08-29 19:57:17', '2012-08-07 21:00:00', '2012-08-28 21:00:00', 4, NULL),
(173, 'Mamma, pappa, barn', 'se', 344, 0, NULL, '2011-07-02 22:52:21', '2011-07-06 09:10:56', NULL, NULL, 0, NULL),
(174, 'The body farm', 'en', 387, 1, NULL, '2011-07-15 20:48:58', '2011-07-15 20:49:36', NULL, NULL, 0, NULL),
(175, 'Post mortem', 'en', 404, 1, NULL, '2011-07-15 20:50:25', '2011-07-15 20:50:25', NULL, NULL, 0, NULL),
(176, 'Body of evidence', 'en', 387, 1, NULL, '2011-07-15 20:51:04', '2011-07-15 20:51:04', NULL, NULL, 0, NULL),
(177, 'Black notice', 'en', 466, 1, NULL, '2011-07-15 20:51:36', '2011-07-15 20:51:36', NULL, NULL, 0, NULL),
(178, 'Cause of death', 'en', 369, 1, NULL, '2011-07-15 20:52:08', '2011-07-15 20:52:08', NULL, NULL, 0, NULL),
(179, 'Cruel and unusual', 'en', 437, 1, NULL, '2011-07-15 20:53:15', '2011-07-15 20:53:15', NULL, NULL, 0, NULL),
(180, 'Point of origin', 'en', 440, 1, NULL, '2011-07-15 20:53:44', '2011-07-15 20:53:44', NULL, NULL, 0, NULL),
(181, 'The last precinct', 'en', 565, 1, NULL, '2011-07-15 20:54:17', '2011-07-15 20:54:17', NULL, NULL, 0, NULL),
(182, 'Ruttokellot', 'fi', 488, 1, NULL, '2011-07-15 20:44:41', '2011-07-15 20:51:37', NULL, NULL, 4, NULL),
(183, 'Ikiyö', 'fi', 473, 1, NULL, '2011-07-15 20:45:41', '2011-07-15 20:51:38', NULL, NULL, 4, NULL),
(184, 'Uhrilento', 'fi', 432, 1, NULL, '2011-07-15 20:46:44', '2011-07-15 20:51:39', NULL, NULL, 4, NULL),
(185, 'Nimessä ja veressä', 'fi', 455, 1, NULL, '2011-07-15 20:47:34', '2011-07-15 20:51:39', NULL, NULL, 4, NULL),
(186, 'Pyörre', 'fi', 433, 1, NULL, '2011-07-15 20:49:04', '2011-07-15 20:51:40', NULL, NULL, 4, NULL),
(187, '6/12', 'fi', 464, 1, NULL, '2011-07-15 20:49:41', '2011-07-15 20:51:42', NULL, NULL, 4, NULL),
(188, 'Pahan perimä', 'fi', 506, 1, NULL, '2011-07-15 20:50:36', '2011-07-15 20:51:41', NULL, NULL, 4, NULL),
(189, 'Hiroshiman portti', 'fi', 458, 1, NULL, '2011-07-15 20:51:06', '2011-07-15 20:51:43', NULL, NULL, 4, NULL),
(190, 'Isku ytimeen', 'fi', 507, 1, NULL, '2011-07-15 20:56:45', '2011-09-03 18:52:25', NULL, NULL, 4, NULL),
(191, 'Pahan kosketus', 'fi', 332, 1, NULL, '2011-07-15 20:58:39', '2011-07-15 20:58:39', NULL, NULL, 0, NULL),
(192, 'Madame terror', 'fi', 445, 1, NULL, '2011-07-15 21:01:02', '2013-01-27 23:00:15', NULL, NULL, 4, NULL),
(193, 'I döden dina män', 'fi', 473, 1, NULL, '2011-07-15 21:01:43', '2011-07-15 21:01:43', NULL, NULL, 0, NULL),
(194, 'Salaseura', 'fi', 455, 0, NULL, '2011-07-15 21:04:06', '2011-07-15 21:04:06', NULL, NULL, 0, NULL),
(195, 'Tyst gisslan', 'se', 401, 0, NULL, '2011-07-15 21:05:12', '2011-07-15 21:05:12', NULL, NULL, 0, NULL),
(196, 'Kaikki kuninkaan miehet', 'fi', 573, 0, NULL, '2011-07-15 21:06:40', '2011-07-15 21:06:40', NULL, NULL, 0, NULL),
(197, 'Vahvimman oikeus', 'fi', 417, 0, NULL, '2011-07-15 21:07:13', '2011-07-15 21:07:28', NULL, NULL, 0, NULL),
(198, 'Last chance to see', 'en', 206, 1, NULL, '2011-07-15 21:10:20', '2013-01-27 22:59:46', NULL, NULL, 3, NULL),
(199, 'The long dark tea-time of the soul', 'en', 247, 1, NULL, '2011-07-15 21:11:28', '2013-01-27 23:00:04', NULL, NULL, 3, NULL),
(200, 'Starship Titanic', 'en', 241, 1, NULL, '2011-07-15 21:12:16', '2013-01-27 22:59:49', NULL, NULL, 3, NULL),
(201, 'Liftarens guide till galaxen', 'se', 880, 1, NULL, '2011-07-15 21:13:06', '2013-01-27 22:59:51', NULL, NULL, 5, NULL),
(202, 'Inside out - a personal history of Pink Floyd', 'fi', 384, 0, NULL, '2011-07-18 12:22:06', '2011-07-18 12:22:06', NULL, NULL, 0, NULL),
(203, 'Den döende detektiven', 'se', 510, 1, NULL, '2011-08-31 18:35:08', '2011-08-31 18:35:23', NULL, NULL, 4, NULL),
(204, 'Crescent Dawn', 'en', 596, 1, NULL, '2011-08-31 19:15:56', '2011-10-18 05:41:07', '2011-10-02 21:00:00', '2011-10-16 21:00:00', 0, NULL),
(205, 'Worth dying for', 'en', 511, 0, NULL, '2011-09-03 18:51:19', '2011-09-03 18:51:19', NULL, NULL, 0, NULL),
(206, 'American assassin', 'en', 514, 0, NULL, '2011-09-27 16:09:17', '2011-09-27 16:09:17', NULL, NULL, 0, NULL),
(207, 'Bible of the dead', 'en', 419, 0, NULL, '2011-09-27 16:11:19', '2011-09-27 16:11:19', NULL, NULL, 0, NULL),
(208, 'The death relic', 'en', 503, 1, NULL, '2011-10-01 13:35:17', '2011-10-25 07:38:04', '2011-10-17 21:00:00', '2011-10-22 21:00:00', 0, NULL),
(209, 'The sixth man', 'en', 594, 0, NULL, '2011-11-19 10:40:03', '2011-11-19 10:40:03', NULL, NULL, 0, NULL),
(210, 'De ensamma', 'se', 583, 0, NULL, '2011-11-20 12:42:32', '2011-11-20 12:42:32', NULL, NULL, 0, NULL),
(211, 'Den flerfaldige mördaren', 'se', 293, 1, NULL, '2011-11-28 18:32:57', '2013-01-27 23:00:17', '2011-11-30 22:00:00', '2011-12-09 22:00:00', 3, NULL),
(212, 'The papal decree', 'en', 472, 0, NULL, '2011-12-09 21:36:59', '2011-12-09 21:36:59', NULL, NULL, 0, NULL),
(213, 'I natt är du död', 'se', 376, 1, NULL, '2011-12-09 21:37:46', '2011-12-14 21:21:49', '2011-12-09 22:00:00', '2011-12-14 22:00:00', 4, NULL),
(214, 'Kommer aldrig hem', 'se', 256, 0, NULL, '2011-12-15 20:53:43', '2011-12-15 20:53:43', NULL, NULL, 0, NULL),
(215, 'Gideon''s sword', 'en', 342, 0, NULL, '2011-12-19 19:55:54', '2011-12-19 19:55:54', NULL, NULL, 0, NULL),
(216, 'I grunden utan skuld', 'se', 310, 1, NULL, '2011-12-19 19:56:24', '2012-01-25 23:24:32', '2012-01-19 22:00:00', '2012-01-25 22:00:00', 5, NULL),
(217, 'The Jefferson key', 'en', 479, 1, NULL, '2011-12-20 19:59:51', '2012-01-19 22:54:31', '2012-01-10 22:00:00', '2012-01-19 22:00:00', 5, NULL),
(218, 'Livet deluxe', 'se', 495, 1, NULL, '2011-12-25 20:21:22', '2012-05-05 22:25:02', '2012-01-01 22:00:00', '2012-01-09 22:00:00', 4, NULL),
(219, 'Pink Floyd Musiken, människorna, myterna', 'se', 368, 0, NULL, '2011-12-25 20:23:07', '2011-12-25 20:23:07', NULL, NULL, 0, NULL),
(220, 'Teräsleijona', 'fi', 468, 1, NULL, '2011-12-25 20:23:45', '2012-01-01 22:40:52', '2011-12-25 22:00:00', '2012-01-01 22:00:00', 4, NULL),
(221, 'Kolmijalkainen mies', 'fi', 398, 0, NULL, '2011-12-31 11:56:34', '2011-12-31 11:56:34', NULL, NULL, 0, NULL),
(222, 'Kaidan tien kulkijat', 'fi', 384, 1, NULL, '2011-12-31 11:57:45', '2011-12-31 11:57:45', NULL, NULL, 0, NULL),
(223, 'Lost empire', 'en', 453, 0, NULL, '2012-01-04 12:59:50', '2012-01-04 12:59:50', NULL, NULL, 0, NULL),
(224, 'The chase', 'en', 340, 1, NULL, '2012-01-07 16:02:09', '2012-02-16 22:49:52', '2012-02-06 22:00:00', '2012-02-16 22:00:00', 5, NULL),
(225, 'White death', 'en', 470, 1, NULL, '2012-01-07 16:03:21', '2013-07-26 17:40:17', '2013-03-10 22:00:00', '2013-03-29 22:00:00', 4, NULL),
(226, 'Paganinikontraktet', 'se', 566, 1, NULL, '2012-01-07 16:04:28', '2012-02-06 22:35:24', '2012-01-26 22:00:00', '2012-02-06 22:00:00', 4, NULL),
(227, 'Spartan gold', 'en', 503, 0, NULL, '2012-01-12 19:45:24', '2012-01-12 19:45:24', NULL, NULL, 0, NULL),
(228, 'Trojan Odyssey', 'en', 644, 1, NULL, '2012-01-19 16:20:46', '2013-04-23 21:05:28', '2013-03-31 21:00:00', '2013-04-23 21:00:00', 4, NULL),
(229, 'Inca gold', 'en', 619, 1, NULL, '2012-01-19 16:21:23', '2012-10-07 22:09:58', '2012-09-16 21:00:00', '2012-10-07 21:00:00', 5, NULL),
(230, 'Night probe', 'en', 369, 1, NULL, '2012-01-19 16:22:12', '2012-10-21 21:10:50', '2012-10-08 21:00:00', '2012-10-21 21:00:00', 4, NULL),
(231, 'Deep six', 'en', 436, 0, NULL, '2012-01-19 16:22:46', '2012-01-19 16:22:46', NULL, NULL, 0, NULL),
(232, 'The wrecker', 'en', 519, 1, NULL, '2012-01-19 16:23:14', '2012-03-11 22:55:06', '2012-02-16 22:00:00', '2012-03-11 22:00:00', 5, NULL),
(233, 'Änglavakter', 'se', 484, 0, NULL, '2012-01-26 22:33:40', '2012-01-26 22:33:40', NULL, NULL, 0, NULL),
(234, 'Liian kaunis tyttö', 'fi', 351, 0, NULL, '2012-02-02 18:39:44', '2012-02-02 18:39:53', NULL, NULL, 0, NULL),
(235, 'Nuoruustango', 'fi', 350, 1, NULL, '2012-02-02 18:40:20', '2012-07-28 20:18:46', '2012-07-12 21:00:00', '2012-07-28 21:00:00', 4, NULL),
(236, 'Kadotetut', 'fi', 396, 0, NULL, '2012-02-02 18:40:57', '2012-02-02 18:40:57', NULL, NULL, 0, NULL),
(237, 'Hundraåringen som klev ut genom fönstret och försvann', 'se', 391, 1, NULL, '2012-02-26 12:23:21', '2012-12-27 00:39:19', '2012-12-14 22:00:00', '2012-12-26 22:00:00', 5, NULL),
(238, 'The devil will come', 'en', 440, 0, NULL, '2012-03-10 09:33:42', '2012-05-14 21:24:06', NULL, NULL, 0, NULL),
(239, 'Flickan under gatan', 'se', 353, 1, NULL, '2012-03-10 09:34:21', '2012-05-13 23:32:09', '2012-04-30 21:00:00', '2012-05-13 21:00:00', 4, NULL),
(240, 'Italienska skor', 'se', 310, 1, NULL, '2012-03-16 13:29:11', '2012-04-26 22:35:06', '2012-04-12 21:00:00', '2012-04-22 21:00:00', 4, NULL),
(241, 'Nobels testamente', 'se', 455, 1, NULL, '2012-03-21 19:19:53', '2012-04-14 21:44:00', '2012-04-01 21:00:00', '2012-04-12 21:00:00', 4, NULL),
(242, 'Uhkapelimerkki', 'fi', 400, 1, NULL, '2012-03-21 19:21:00', '2012-04-01 21:23:13', '2012-03-23 22:00:00', '2012-04-01 21:00:00', 4, NULL),
(243, 'Viskleken', 'se', 504, 1, NULL, '2012-03-22 18:34:55', '2012-04-30 22:10:17', '2012-04-22 21:00:00', '2012-04-30 21:00:00', 5, NULL),
(244, 'Micro', 'en', 541, 1, NULL, '2012-05-04 19:59:05', '2012-06-30 21:06:22', '2012-05-14 21:00:00', '2012-06-30 21:00:00', 3, NULL),
(245, 'Steve Jobs', 'en', 906, 1, NULL, '2012-05-04 20:08:08', '2012-05-29 14:29:37', '2012-05-03 21:00:00', '2012-05-28 21:00:00', 5, NULL),
(246, 'Röd snö', 'se', 400, 1, NULL, '2012-05-04 20:11:15', '2012-09-16 21:01:34', '2012-08-29 21:00:00', '2012-09-16 21:00:00', 3, NULL),
(247, 'Den femte årstiden', 'se', 456, 1, NULL, '2012-06-05 18:04:05', '2012-08-06 21:03:41', '2012-07-28 21:00:00', '2012-08-06 21:00:00', 4, NULL),
(248, 'Mustasiipi', 'fi', 397, 1, NULL, '2012-06-26 05:20:05', '2012-07-13 18:34:23', '2012-07-03 21:00:00', '2012-07-12 21:00:00', 4, NULL),
(249, 'Lärjungen', 'se', 496, 0, NULL, '2012-07-03 18:00:37', '2012-07-03 18:00:37', NULL, NULL, 0, NULL),
(250, 'Nirvana projektet', 'se', 380, 1, NULL, '2012-08-07 19:22:31', '2013-02-24 15:40:39', '2013-02-17 22:00:00', '2013-02-23 22:00:00', 4, NULL),
(251, 'The litigators', 'en', 436, 1, NULL, '2012-08-20 13:39:32', '2013-03-05 23:36:27', '2013-02-23 22:00:00', '2013-03-05 22:00:00', 4, NULL),
(252, 'The Jungle', 'en', 470, 1, NULL, '2012-09-23 16:50:29', '2012-11-10 23:03:54', '2012-10-22 21:00:00', '2012-11-10 22:00:00', 3, NULL),
(253, 'Eldvittnet', 'en', 562, 1, NULL, '2012-10-08 18:40:07', '2013-02-05 22:42:12', '2013-01-27 22:00:00', '2013-02-05 22:00:00', 4, NULL),
(254, 'Lännen mies', 'fi', 398, 0, NULL, '2012-10-14 19:46:49', '2012-10-14 19:46:49', NULL, NULL, 0, NULL),
(255, 'Dödens Pendel', 'se', 334, 1, NULL, '2012-10-27 12:14:08', '2012-11-30 23:49:21', '2012-11-10 22:00:00', '2012-11-30 22:00:00', 4, NULL),
(256, 'Scarecrow and the army of thieves', 'en', 453, 1, NULL, '2012-10-27 12:15:20', '2013-01-27 22:52:13', '2013-01-22 22:00:00', '2013-01-27 22:00:00', 4, NULL),
(257, 'One shot', 'en', 495, 1, NULL, '2012-11-22 20:23:10', '2013-01-14 22:33:39', '2013-01-08 22:00:00', '2013-01-14 22:00:00', 4, NULL),
(258, 'The Hobbit', 'en', 389, 1, NULL, '2012-11-29 16:17:48', '2012-12-14 23:42:40', '2012-12-01 22:00:00', '2012-12-14 22:00:00', 5, NULL),
(259, 'Hela havet stormar', 'se', 480, 1, NULL, '2012-12-26 12:30:57', '2013-01-08 21:01:39', '2012-12-26 22:00:00', '2013-01-08 22:00:00', 5, NULL),
(260, 'Ylösnousemus', 'fi', 482, 1, NULL, '2013-01-15 19:56:48', '2013-01-22 21:53:35', '2013-01-14 22:00:00', '2013-01-22 22:00:00', 4, NULL),
(261, 'The affair', 'en', 542, 0, NULL, '2013-02-04 19:38:18', '2013-02-04 19:38:18', NULL, NULL, 0, NULL),
(262, 'Ajan lyhyt historia', 'fi', 276, 0, NULL, '2013-03-03 10:00:09', '2013-03-03 10:00:09', NULL, NULL, 0, NULL),
(263, 'Cold vengeance', 'en', 356, 0, NULL, '2013-03-10 11:10:23', '2013-03-10 11:10:23', NULL, NULL, 0, NULL),
(264, 'Punainen jättiläinen', 'fi', 432, 0, NULL, '2013-03-10 11:11:19', '2013-03-10 11:11:19', NULL, NULL, 0, NULL),
(265, 'Empire of gold', 'fi', 583, 0, NULL, '2013-03-10 11:12:20', '2013-03-10 11:12:20', NULL, NULL, 0, NULL),
(266, 'Devil''s gate', 'en', 489, 0, NULL, '2013-03-17 16:06:41', '2013-05-31 19:04:30', NULL, NULL, 0, NULL),
(267, 'Scarecrow returns', 'en', 477, 0, NULL, '2013-03-17 16:07:20', '2013-03-17 16:07:20', NULL, NULL, 0, NULL),
(268, 'Styckerskan från lilla Burma', 'se', 442, 0, NULL, '2013-04-14 11:11:44', '2013-04-14 11:12:16', NULL, NULL, 0, NULL),
(269, 'Flaskpost från P', 'se', 443, 0, 'sdfsdf', '2013-04-18 17:23:03', '2013-06-17 20:39:26', '2014-10-29 22:00:00', NULL, 0, '222.00'),
(270, 'Kvinnan i rummet', 'se', 349, 1, NULL, '2013-04-18 17:23:33', '2013-07-26 17:55:02', '2013-04-24 21:00:00', '2013-05-22 21:00:00', 4, NULL),
(271, 'Vattenänglar', 'se', 426, 0, NULL, '2013-04-27 06:01:20', '2013-04-27 06:01:20', NULL, NULL, 0, NULL),
(272, 'Två soldater', 'se', 682, 0, NULL, '2013-05-09 18:41:21', '2013-05-09 18:41:21', NULL, NULL, 0, NULL),
(273, 'Inferno', 'en', 463, 1, NULL, '2013-05-23 22:05:02', '2013-08-21 17:56:50', '2013-05-23 21:00:00', '2013-08-28 21:00:00', 3, '123.45'),
(274, 'A wanted man', 'en', 552, 0, NULL, '2013-05-23 22:06:17', '2014-04-12 16:39:55', '2014-03-21 22:00:00', NULL, 0, NULL),
(275, 'Fasanjägarna', 'se', 367, 1, NULL, '2013-05-31 19:05:21', '2013-07-26 17:25:59', '2013-06-09 21:00:00', '2013-06-17 21:00:00', 4, NULL),
(276, 'Journal 64', 'se', 415, 0, NULL, '2013-05-31 19:05:53', '2013-05-31 19:05:53', NULL, NULL, 0, NULL),
(277, 'The kingdom', 'en', 410, 0, NULL, '2013-06-07 17:06:43', '2013-06-07 17:06:43', NULL, NULL, 0, NULL),
(278, 'Paradisoffer', 'se', 407, 0, NULL, '2013-07-04 21:09:35', '2013-07-04 21:09:35', NULL, NULL, 0, NULL),
(279, 'Paradisoffer', 'se', 407, 0, NULL, '2013-07-04 21:11:45', '2013-07-04 21:11:45', NULL, NULL, 0, NULL),
(280, 'Paradisoffer', 'se', 407, 0, NULL, '2013-07-04 21:21:42', '2013-07-04 21:21:42', NULL, NULL, 0, NULL),
(281, 'Paradisoffer', 'se', 407, 0, NULL, '2013-07-04 21:21:54', '2013-07-04 21:21:54', NULL, NULL, 0, NULL),
(282, 'Paradisoffer', 'se', 407, 0, NULL, '2013-07-04 21:23:07', '2013-07-04 21:23:07', NULL, NULL, 0, NULL),
(283, 'Paradisoffer', 'se', 407, 0, NULL, '2013-07-04 21:23:20', '2013-07-04 21:26:17', NULL, NULL, 0, NULL),
(284, 'Kissing', 'fi', 361, 0, NULL, '2013-07-31 19:20:11', '2013-07-31 19:20:11', NULL, NULL, 0, NULL),
(289, 'Kissing again', 'en', 361, 0, NULL, '2013-07-31 19:29:47', '2013-07-31 19:29:47', NULL, NULL, 0, NULL),
(296, 'saddsfdsf', 'fi', 400, 0, NULL, '2013-07-31 20:09:51', '2013-07-31 20:09:51', NULL, NULL, 0, NULL),
(303, 'Vindens son', 'fi', 363, 1, '9789172631502', '2013-08-06 19:43:29', '2013-08-20 18:12:58', '2013-08-04 21:00:00', '2013-08-28 21:00:00', 0, '9998.99'),
(304, 'Leslie''s cat', 'en', 666, 0, NULL, '2013-08-11 18:56:50', '2013-08-11 18:57:33', NULL, NULL, 0, NULL),
(305, 'dfgdfg', 'se', 666, 0, NULL, '2014-01-21 19:43:20', '2014-01-21 19:43:20', NULL, NULL, 0, NULL),
(306, 'Test title', 'en', 666, 1, '34593479534795', '2014-11-22 10:53:56', '2014-11-22 10:53:56', '2014-11-22 10:53:56', '2014-11-22 10:53:56', 3.5, '123.45'),
(307, 'Mah greatest titleh', 'en', 123, 1, '', '2014-11-23 09:10:54', '2014-11-23 09:10:54', NULL, NULL, 0, '123.45'),
(308, 'Mah second book', 'fi', 566, 0, '', '2014-11-23 09:35:34', '2014-11-23 09:35:34', NULL, NULL, 0, '2.00'),
(309, 'Third bookah', 'se', 333, 0, '4545656', '2014-11-23 11:59:24', '2014-11-23 11:59:24', '2014-11-03 22:00:00', '2014-11-18 22:00:00', 0, '22.45'),
(310, 'fifth element', 'se', 222, 0, '', '2014-11-23 12:14:56', '2014-11-23 12:14:56', NULL, NULL, 0, '22.00'),
(311, 'sicth sense', 'en', 2, 1, '', '2014-11-23 12:23:06', '2014-11-23 12:23:06', NULL, NULL, 0, '2.00'),
(312, 'sicth sense', 'en', 2, 1, '', '2014-11-23 12:29:50', '2014-11-23 12:29:50', '2014-11-05 22:00:00', '2014-11-10 22:00:00', 0, '2.00'),
(313, 'Book with 2 authors', 'en', 666, 1, '4545', '2014-11-27 22:55:34', '2014-11-27 22:55:34', '2014-12-01 22:00:00', '2014-12-11 22:00:00', 0, '34.00'),
(314, 'This fucking book', 'se', 666, 0, '', '2014-12-06 11:34:49', '2014-12-06 11:34:49', NULL, NULL, 0, '123.56'),
(315, 'Uusin kirja, joo', 'fi', 1233, 1, '', '2014-12-14 20:58:58', '2014-12-14 20:58:58', NULL, NULL, 0, '45.00');

-- --------------------------------------------------------

--
-- Rakenne taululle `book_author`
--

CREATE TABLE IF NOT EXISTS `book_author` (
  `book_id` int(11) NOT NULL,
  `author_id` int(11) NOT NULL,
  PRIMARY KEY (`book_id`,`author_id`),
  KEY `FK_9478D345F675F31B` (`author_id`)
) ENGINE=InnoDB DEFAULT CHARSET=utf8;

--
-- Vedos taulusta `book_author`
--

INSERT INTO `book_author` (`book_id`, `author_id`) VALUES
(1, 1),
(86, 1),
(87, 1),
(88, 1),
(102, 1),
(156, 1),
(2, 2),
(3, 2),
(4, 2),
(5, 2),
(6, 2),
(7, 2),
(8, 2),
(9, 2),
(10, 2),
(11, 2),
(93, 2),
(94, 2),
(95, 2),
(96, 2),
(101, 2),
(109, 2),
(110, 2),
(111, 2),
(126, 2),
(127, 2),
(128, 2),
(141, 2),
(142, 2),
(159, 2),
(171, 2),
(204, 2),
(223, 2),
(224, 2),
(225, 2),
(227, 2),
(228, 2),
(229, 2),
(230, 2),
(231, 2),
(232, 2),
(252, 2),
(266, 2),
(277, 2),
(284, 2),
(289, 2),
(296, 2),
(303, 2),
(304, 2),
(313, 2),
(314, 2),
(12, 4),
(13, 4),
(14, 4),
(15, 4),
(16, 4),
(104, 4),
(138, 4),
(256, 4),
(267, 4),
(17, 5),
(18, 5),
(19, 5),
(20, 5),
(148, 5),
(273, 5),
(21, 6),
(22, 6),
(23, 6),
(24, 6),
(25, 6),
(26, 6),
(27, 6),
(28, 6),
(38, 6),
(39, 6),
(243, 6),
(259, 6),
(29, 7),
(30, 7),
(31, 7),
(314, 7),
(33, 9),
(34, 10),
(139, 10),
(35, 11),
(85, 11),
(210, 11),
(268, 11),
(56, 12),
(57, 12),
(58, 12),
(59, 12),
(64, 12),
(65, 12),
(92, 12),
(108, 12),
(240, 12),
(303, 12),
(37, 13),
(40, 14),
(41, 14),
(42, 14),
(43, 14),
(44, 14),
(45, 14),
(113, 14),
(46, 15),
(47, 15),
(48, 15),
(49, 15),
(50, 15),
(51, 15),
(52, 15),
(80, 15),
(143, 15),
(150, 15),
(151, 15),
(154, 15),
(155, 15),
(221, 15),
(222, 15),
(234, 15),
(235, 15),
(242, 15),
(248, 15),
(254, 15),
(53, 16),
(89, 16),
(208, 16),
(54, 17),
(55, 18),
(60, 19),
(198, 19),
(199, 19),
(200, 19),
(201, 19),
(61, 20),
(62, 21),
(63, 22),
(66, 23),
(67, 24),
(68, 25),
(69, 26),
(70, 26),
(218, 26),
(71, 27),
(72, 27),
(73, 28),
(74, 28),
(76, 28),
(75, 29),
(120, 29),
(203, 29),
(77, 30),
(194, 30),
(78, 31),
(79, 32),
(81, 33),
(82, 33),
(112, 33),
(140, 33),
(209, 33),
(83, 34),
(84, 35),
(119, 36),
(305, 36),
(91, 37),
(206, 37),
(97, 38),
(205, 38),
(257, 38),
(261, 38),
(274, 38),
(98, 39),
(251, 39),
(99, 40),
(192, 40),
(100, 41),
(90, 42),
(217, 42),
(313, 42),
(315, 42),
(105, 43),
(107, 44),
(258, 44),
(106, 45),
(114, 45),
(118, 45),
(160, 45),
(164, 45),
(165, 45),
(215, 45),
(263, 45),
(115, 46),
(116, 46),
(117, 46),
(122, 47),
(125, 47),
(137, 47),
(239, 47),
(272, 47),
(123, 48),
(124, 48),
(129, 50),
(131, 52),
(132, 53),
(139, 56),
(241, 56),
(135, 58),
(144, 59),
(145, 59),
(146, 59),
(147, 59),
(149, 60),
(152, 61),
(167, 61),
(168, 61),
(169, 61),
(247, 61),
(271, 61),
(153, 62),
(182, 62),
(183, 62),
(184, 62),
(185, 62),
(186, 62),
(187, 62),
(188, 62),
(189, 62),
(190, 62),
(220, 62),
(260, 62),
(157, 63),
(195, 63),
(158, 64),
(238, 64),
(161, 65),
(162, 66),
(113, 67),
(166, 67),
(250, 67),
(315, 67),
(172, 68),
(249, 68),
(173, 69),
(174, 70),
(175, 70),
(176, 70),
(177, 70),
(178, 70),
(179, 70),
(180, 70),
(181, 70),
(191, 71),
(193, 72),
(196, 74),
(197, 75),
(198, 76),
(200, 77),
(202, 78),
(204, 79),
(207, 80),
(211, 81),
(212, 82),
(213, 83),
(216, 83),
(315, 83),
(214, 84),
(164, 85),
(215, 85),
(263, 85),
(219, 86),
(223, 87),
(227, 87),
(277, 87),
(225, 88),
(226, 89),
(253, 89),
(233, 90),
(278, 90),
(279, 90),
(280, 90),
(281, 90),
(282, 90),
(283, 90),
(236, 91),
(237, 92),
(244, 93),
(244, 94),
(245, 95),
(246, 96),
(252, 97),
(255, 98),
(262, 99),
(264, 100),
(265, 101),
(266, 102),
(269, 103),
(270, 103),
(275, 103),
(276, 103);

-- --------------------------------------------------------

--
-- Rakenne taululle `genre`
--

CREATE TABLE IF NOT EXISTS `genre` (
  `id` int(11) NOT NULL AUTO_INCREMENT,
  `name` varchar(45) NOT NULL,
  PRIMARY KEY (`id`)
) ENGINE=InnoDB DEFAULT CHARSET=utf8 AUTO_INCREMENT=1 ;

-- --------------------------------------------------------

--
-- Rakenne taululle `logininfo`
--

CREATE TABLE IF NOT EXISTS `logininfo` (
  `id` bigint(20) NOT NULL AUTO_INCREMENT,
  `providerID` varchar(254) NOT NULL,
  `providerKey` varchar(254) NOT NULL,
  PRIMARY KEY (`id`)
) ENGINE=InnoDB DEFAULT CHARSET=utf8 AUTO_INCREMENT=1 ;

-- --------------------------------------------------------

--
-- Rakenne taululle `oauth1info`
--

CREATE TABLE IF NOT EXISTS `oauth1info` (
  `id` bigint(20) NOT NULL AUTO_INCREMENT,
  `token` varchar(254) NOT NULL,
  `secret` varchar(254) NOT NULL,
  `loginInfoId` bigint(20) NOT NULL,
  PRIMARY KEY (`id`)
) ENGINE=InnoDB DEFAULT CHARSET=utf8 AUTO_INCREMENT=1 ;

-- --------------------------------------------------------

--
-- Rakenne taululle `oauth2info`
--

CREATE TABLE IF NOT EXISTS `oauth2info` (
  `id` bigint(20) NOT NULL AUTO_INCREMENT,
  `accesstoken` varchar(254) NOT NULL,
  `tokentype` varchar(254) DEFAULT NULL,
  `expiresin` int(11) DEFAULT NULL,
  `refreshtoken` varchar(254) DEFAULT NULL,
  `logininfoid` bigint(20) NOT NULL,
  PRIMARY KEY (`id`)
) ENGINE=InnoDB DEFAULT CHARSET=utf8 AUTO_INCREMENT=1 ;

-- --------------------------------------------------------

--
-- Rakenne taululle `passwordinfo`
--

CREATE TABLE IF NOT EXISTS `passwordinfo` (
  `hasher` varchar(254) NOT NULL,
  `password` varchar(254) NOT NULL,
  `salt` varchar(254) DEFAULT NULL,
  `loginInfoId` bigint(20) NOT NULL
) ENGINE=InnoDB DEFAULT CHARSET=utf8;

-- --------------------------------------------------------

--
-- Rakenne taululle `play_evolutions`
--

CREATE TABLE IF NOT EXISTS `play_evolutions` (
  `id` int(11) NOT NULL,
  `hash` varchar(255) NOT NULL,
  `applied_at` timestamp NOT NULL DEFAULT CURRENT_TIMESTAMP ON UPDATE CURRENT_TIMESTAMP,
  `apply_script` text,
  `revert_script` text,
  `state` varchar(255) DEFAULT NULL,
  `last_problem` text,
  PRIMARY KEY (`id`)
) ENGINE=InnoDB DEFAULT CHARSET=utf8;

--
-- Vedos taulusta `play_evolutions`
--

INSERT INTO `play_evolutions` (`id`, `hash`, `applied_at`, `apply_script`, `revert_script`, `state`, `last_problem`) VALUES
(1, '6ad693f0935f8554761c9f9c25770f04cb9413e7', '2015-01-27 20:40:59', 'create table `author` (`id` INTEGER NOT NULL AUTO_INCREMENT PRIMARY KEY,`firstname` VARCHAR(45) NOT NULL,`lastname` VARCHAR(45) NOT NULL);\ncreate table `book_author` (`book_id` INTEGER NOT NULL,`author_id` INTEGER NOT NULL);\nalter table `book_author` add constraint `book_author_PK` primary key(`book_id`,`author_id`);\ncreate table `book` (`id` INTEGER NOT NULL AUTO_INCREMENT PRIMARY KEY,`title` VARCHAR(128) NOT NULL,`language_id` VARCHAR(3) NOT NULL,`page_count` INTEGER NOT NULL,`is_read` BOOLEAN NOT NULL,`isbn` VARCHAR(40) DEFAULT null,`created_at` TIMESTAMP NOT NULL,`updated_at` TIMESTAMP NOT NULL,`started_reading` TIMESTAMP DEFAULT null NULL,`finished_reading` TIMESTAMP DEFAULT null NULL,`rating` DOUBLE DEFAULT null,`price` DECIMAL(21,2) DEFAULT null);\ncreate table `genre` (`id` INTEGER NOT NULL AUTO_INCREMENT PRIMARY KEY,`name` VARCHAR(45) NOT NULL);\ncreate table `logininfo` (`id` BIGINT NOT NULL AUTO_INCREMENT PRIMARY KEY,`providerID` VARCHAR(254) NOT NULL,`providerKey` VARCHAR(254) NOT NULL);\ncreate table `oauth1info` (`id` BIGINT NOT NULL AUTO_INCREMENT PRIMARY KEY,`token` VARCHAR(254) NOT NULL,`secret` VARCHAR(254) NOT NULL,`loginInfoId` BIGINT NOT NULL);\ncreate table `oauth2info` (`id` BIGINT NOT NULL AUTO_INCREMENT PRIMARY KEY,`accesstoken` VARCHAR(254) NOT NULL,`tokentype` VARCHAR(254),`expiresin` INTEGER,`refreshtoken` VARCHAR(254),`logininfoid` BIGINT NOT NULL);\ncreate table `passwordinfo` (`hasher` VARCHAR(254) NOT NULL,`password` VARCHAR(254) NOT NULL,`salt` VARCHAR(254),`loginInfoId` BIGINT NOT NULL);\ncreate table `user` (`userID` VARCHAR(254) NOT NULL PRIMARY KEY,`firstName` VARCHAR(254),`lastName` VARCHAR(254),`fullName` VARCHAR(254),`email` VARCHAR(254),`avatarURL` VARCHAR(254));\ncreate table `userlogininfo` (`userID` VARCHAR(254) NOT NULL,`loginInfoId` BIGINT NOT NULL);\ncreate table `xi_tag` (`id` INTEGER NOT NULL AUTO_INCREMENT PRIMARY KEY,`name` VARCHAR(50) NOT NULL,`slug` VARCHAR(50) NOT NULL,`created_at` TIMESTAMP NOT NULL,`updated_at` TIMESTAMP NOT NULL);\ncreate unique index `UNIQ_AD374A565E237E06` on `xi_tag` (`name`);\ncreate unique index `UNIQ_AD374A56989D9B62` on `xi_tag` (`slug`);\ncreate table `xi_tagging` (`id` INTEGER NOT NULL AUTO_INCREMENT PRIMARY KEY,`tag_id` INTEGER DEFAULT null,`resource_type` VARCHAR(50) NOT NULL,`resource_id` VARCHAR(50) NOT NULL,`created_at` TIMESTAMP NOT NULL,`updated_at` TIMESTAMP NOT NULL);\ncreate unique index `tagging_idx` on `xi_tagging` (`tag_id`,`resource_type`,`resource_id`);\nalter table `book_author` add constraint `FK_9478D34516A2B381` foreign key(`book_id`) references `book`(`id`) on update NO ACTION on delete NO ACTION;\nalter table `book_author` add constraint `FK_9478D345F675F31B` foreign key(`author_id`) references `author`(`id`) on update NO ACTION on delete NO ACTION;\nalter table `xi_tagging` add constraint `FK_431075D2BAD26311` foreign key(`tag_id`) references `xi_tag`(`id`) on update NO ACTION on delete NO ACTION;', 'ALTER TABLE xi_tagging DROP FOREIGN KEY FK_431075D2BAD26311;\nALTER TABLE book_author DROP FOREIGN KEY FK_9478D34516A2B381;\nALTER TABLE book_author DROP FOREIGN KEY FK_9478D345F675F31B;\ndrop table `xi_tagging`;\ndrop table `xi_tag`;\ndrop table `userlogininfo`;\ndrop table `user`;\ndrop table `passwordinfo`;\ndrop table `oauth2info`;\ndrop table `oauth1info`;\ndrop table `logininfo`;\ndrop table `genre`;\ndrop table `book`;\nALTER TABLE book_author DROP PRIMARY KEY;\ndrop table `book_author`;\ndrop table `author`;', 'applied', '');

-- --------------------------------------------------------

--
-- Rakenne taululle `user`
--

CREATE TABLE IF NOT EXISTS `user` (
  `userID` varchar(254) NOT NULL,
  `firstName` varchar(254) DEFAULT NULL,
  `lastName` varchar(254) DEFAULT NULL,
  `fullName` varchar(254) DEFAULT NULL,
  `email` varchar(254) DEFAULT NULL,
  `avatarURL` varchar(254) DEFAULT NULL,
  PRIMARY KEY (`userID`)
) ENGINE=InnoDB DEFAULT CHARSET=utf8;

-- --------------------------------------------------------

--
-- Rakenne taululle `userlogininfo`
--

CREATE TABLE IF NOT EXISTS `userlogininfo` (
  `userID` varchar(254) NOT NULL,
  `loginInfoId` bigint(20) NOT NULL
) ENGINE=InnoDB DEFAULT CHARSET=utf8;

-- --------------------------------------------------------

--
-- Rakenne taululle `xi_tag`
--

CREATE TABLE IF NOT EXISTS `xi_tag` (
  `id` int(11) NOT NULL AUTO_INCREMENT,
  `name` varchar(50) NOT NULL,
  `slug` varchar(50) NOT NULL,
  `created_at` timestamp NOT NULL DEFAULT CURRENT_TIMESTAMP ON UPDATE CURRENT_TIMESTAMP,
  `updated_at` timestamp NOT NULL DEFAULT '0000-00-00 00:00:00',
  PRIMARY KEY (`id`),
  UNIQUE KEY `UNIQ_AD374A565E237E06` (`name`),
  UNIQUE KEY `UNIQ_AD374A56989D9B62` (`slug`)
) ENGINE=InnoDB  DEFAULT CHARSET=utf8 AUTO_INCREMENT=22 ;

--
-- Vedos taulusta `xi_tag`
--

INSERT INTO `xi_tag` (`id`, `name`, `slug`, `created_at`, `updated_at`) VALUES
(1, 'Sci-fi', 'sci-fi', '2013-06-23 18:47:00', '2013-06-23 18:47:00'),
(2, 'Drama', 'frama', '2013-06-23 18:47:00', '2013-06-23 18:47:00'),
(3, 'Action', 'action', '2013-06-23 18:47:00', '2013-06-23 18:47:00'),
(4, 'Adventure', 'adventure', '2013-06-23 18:47:00', '2013-06-23 18:47:00'),
(5, 'Crime', 'crime', '2013-06-23 18:47:00', '2013-06-23 18:47:00'),
(7, 'Computer science', 'computer-science', '2013-06-23 18:47:00', '2013-06-23 18:47:00'),
(8, 'War', 'war', '2013-06-23 18:47:00', '2013-06-23 18:47:00'),
(9, 'Fantasy', 'fantasy', '2013-06-23 18:47:00', '2013-06-23 18:47:00'),
(10, 'Counter terrorism', 'counter-terrorism', '2013-06-23 18:47:00', '2013-06-23 18:47:00'),
(11, 'Thriller', 'thriller', '2013-06-23 18:47:00', '2013-06-23 18:47:00'),
(12, 'Documentary', 'focumentary', '2013-06-23 18:47:00', '2013-06-23 18:47:00'),
(13, 'Comedy', 'comedy', '2013-06-23 18:47:00', '2013-06-23 18:47:00'),
(14, 'Music', 'music', '2013-06-23 18:47:00', '2013-06-23 18:47:00'),
(15, 'Mystery', 'mystery', '2013-06-23 18:47:00', '2013-06-23 18:47:00'),
(16, 'Biography', 'biography', '2013-06-23 18:47:00', '2013-06-23 18:47:00'),
(17, 'Science', 'science', '2013-06-23 18:47:00', '2013-06-23 18:47:00'),
(18, 'Non-fiction', 'non-fiction', '2013-06-23 18:47:00', '2013-06-23 18:47:00'),
(19, '', '', '2013-08-20 18:12:12', '2013-08-20 18:12:12'),
(20, '2', '2', '2014-01-21 21:45:27', '2014-01-21 21:45:27'),
(21, '5', '5', '2014-01-21 21:49:50', '2014-01-21 21:49:50');

-- --------------------------------------------------------

--
-- Rakenne taululle `xi_tagging`
--

CREATE TABLE IF NOT EXISTS `xi_tagging` (
  `id` int(11) NOT NULL AUTO_INCREMENT,
  `tag_id` int(11) DEFAULT NULL,
  `resource_type` varchar(50) NOT NULL,
  `resource_id` varchar(50) NOT NULL,
  `created_at` timestamp NOT NULL DEFAULT CURRENT_TIMESTAMP ON UPDATE CURRENT_TIMESTAMP,
  `updated_at` timestamp NOT NULL DEFAULT '0000-00-00 00:00:00',
  PRIMARY KEY (`id`),
  UNIQUE KEY `tagging_idx` (`tag_id`,`resource_type`,`resource_id`)
) ENGINE=InnoDB  DEFAULT CHARSET=utf8 AUTO_INCREMENT=565 ;

--
-- Vedos taulusta `xi_tagging`
--

INSERT INTO `xi_tagging` (`id`, `tag_id`, `resource_type`, `resource_id`, `created_at`, `updated_at`) VALUES
(9, 4, 'book', '1', '2013-06-23 18:47:00', '2013-06-23 18:47:00'),
(11, 4, 'book', '3', '2013-06-23 18:47:00', '2013-06-23 18:47:00'),
(12, 4, 'book', '4', '2013-06-23 18:47:00', '2013-06-23 18:47:00'),
(13, 4, 'book', '5', '2013-06-23 18:47:00', '2013-06-23 18:47:00'),
(14, 4, 'book', '6', '2013-06-23 18:47:00', '2013-06-23 18:47:00'),
(15, 4, 'book', '7', '2013-06-23 18:47:00', '2013-06-23 18:47:00'),
(16, 4, 'book', '8', '2013-06-23 18:47:00', '2013-06-23 18:47:00'),
(17, 4, 'book', '9', '2013-06-23 18:47:00', '2013-06-23 18:47:00'),
(18, 4, 'book', '10', '2013-06-23 18:47:00', '2013-06-23 18:47:00'),
(19, 4, 'book', '11', '2013-06-23 18:47:00', '2013-06-23 18:47:00'),
(20, 4, 'book', '12', '2013-06-23 18:47:00', '2013-06-23 18:47:00'),
(21, 4, 'book', '13', '2013-06-23 18:47:00', '2013-06-23 18:47:00'),
(22, 4, 'book', '14', '2013-06-23 18:47:00', '2013-06-23 18:47:00'),
(23, 4, 'book', '15', '2013-06-23 18:47:00', '2013-06-23 18:47:00'),
(24, 4, 'book', '16', '2013-06-23 18:47:00', '2013-06-23 18:47:00'),
(25, 4, 'book', '17', '2013-06-23 18:47:00', '2013-06-23 18:47:00'),
(26, 4, 'book', '18', '2013-06-23 18:47:00', '2013-06-23 18:47:00'),
(27, 4, 'book', '19', '2013-06-23 18:47:00', '2013-06-23 18:47:00'),
(28, 4, 'book', '20', '2013-06-23 18:47:00', '2013-06-23 18:47:00'),
(29, 5, 'book', '21', '2013-06-23 18:47:00', '2013-06-23 18:47:00'),
(30, 5, 'book', '22', '2013-06-23 18:47:00', '2013-06-23 18:47:00'),
(31, 5, 'book', '23', '2013-06-23 18:47:00', '2013-06-23 18:47:00'),
(32, 5, 'book', '24', '2013-06-23 18:47:00', '2013-06-23 18:47:00'),
(33, 5, 'book', '25', '2013-06-23 18:47:00', '2013-06-23 18:47:00'),
(34, 5, 'book', '26', '2013-06-23 18:47:00', '2013-06-23 18:47:00'),
(35, 5, 'book', '27', '2013-06-23 18:47:00', '2013-06-23 18:47:00'),
(36, 5, 'book', '28', '2013-06-23 18:47:00', '2013-06-23 18:47:00'),
(37, 5, 'book', '29', '2013-06-23 18:47:00', '2013-06-23 18:47:00'),
(38, 5, 'book', '30', '2013-06-23 18:47:00', '2013-06-23 18:47:00'),
(39, 5, 'book', '31', '2013-06-23 18:47:00', '2013-06-23 18:47:00'),
(40, 5, 'book', '33', '2013-06-23 18:47:00', '2013-06-23 18:47:00'),
(41, 5, 'book', '34', '2013-06-23 18:47:00', '2013-06-23 18:47:00'),
(42, 5, 'book', '35', '2013-06-23 18:47:00', '2013-06-23 18:47:00'),
(44, 5, 'book', '37', '2013-06-23 18:47:00', '2013-06-23 18:47:00'),
(45, 5, 'book', '38', '2013-06-23 18:47:00', '2013-06-23 18:47:00'),
(46, 5, 'book', '39', '2013-06-23 18:47:00', '2013-06-23 18:47:00'),
(47, 5, 'book', '40', '2013-06-23 18:47:00', '2013-06-23 18:47:00'),
(48, 5, 'book', '41', '2013-06-23 18:47:00', '2013-06-23 18:47:00'),
(49, 5, 'book', '42', '2013-06-23 18:47:00', '2013-06-23 18:47:00'),
(50, 5, 'book', '43', '2013-06-23 18:47:00', '2013-06-23 18:47:00'),
(51, 5, 'book', '44', '2013-06-23 18:47:00', '2013-06-23 18:47:00'),
(52, 5, 'book', '45', '2013-06-23 18:47:00', '2013-06-23 18:47:00'),
(53, 5, 'book', '46', '2013-06-23 18:47:00', '2013-06-23 18:47:00'),
(54, 5, 'book', '47', '2013-06-23 18:47:00', '2013-06-23 18:47:00'),
(55, 5, 'book', '48', '2013-06-23 18:47:00', '2013-06-23 18:47:00'),
(56, 4, 'book', '49', '2013-06-23 18:47:00', '2013-06-23 18:47:00'),
(57, 5, 'book', '50', '2013-06-23 18:47:00', '2013-06-23 18:47:00'),
(58, 5, 'book', '51', '2013-06-23 18:47:00', '2013-06-23 18:47:00'),
(59, 5, 'book', '52', '2013-06-23 18:47:00', '2013-06-23 18:47:00'),
(60, 4, 'book', '53', '2013-06-23 18:47:00', '2013-06-23 18:47:00'),
(61, 5, 'book', '54', '2013-06-23 18:47:00', '2013-06-23 18:47:00'),
(62, 5, 'book', '55', '2013-06-23 18:47:00', '2013-06-23 18:47:00'),
(63, 5, 'book', '56', '2013-06-23 18:47:00', '2013-06-23 18:47:00'),
(64, 5, 'book', '57', '2013-06-23 18:47:00', '2013-06-23 18:47:00'),
(65, 5, 'book', '58', '2013-06-23 18:47:00', '2013-06-23 18:47:00'),
(66, 2, 'book', '59', '2013-06-23 18:47:00', '2013-06-23 18:47:00'),
(67, 2, 'book', '60', '2013-06-23 18:47:00', '2013-06-23 18:47:00'),
(68, 2, 'book', '61', '2013-06-23 18:47:00', '2013-06-23 18:47:00'),
(69, 4, 'book', '62', '2013-06-23 18:47:00', '2013-06-23 18:47:00'),
(70, 3, 'book', '63', '2013-06-23 18:47:00', '2013-06-23 18:47:00'),
(71, 5, 'book', '64', '2013-06-23 18:47:00', '2013-06-23 18:47:00'),
(72, 5, 'book', '65', '2013-06-23 18:47:00', '2013-06-23 18:47:00'),
(73, 8, 'book', '66', '2013-06-23 18:47:00', '2013-06-23 18:47:00'),
(74, 5, 'book', '67', '2013-06-23 18:47:00', '2013-06-23 18:47:00'),
(75, 2, 'book', '68', '2013-06-23 18:47:00', '2013-06-23 18:47:00'),
(76, 2, 'book', '69', '2013-06-23 18:47:00', '2013-06-23 18:47:00'),
(77, 2, 'book', '70', '2013-06-23 18:47:00', '2013-06-23 18:47:00'),
(78, 2, 'book', '71', '2013-06-23 18:47:00', '2013-06-23 18:47:00'),
(79, 5, 'book', '72', '2013-06-23 18:47:00', '2013-06-23 18:47:00'),
(80, 5, 'book', '73', '2013-06-23 18:47:00', '2013-06-23 18:47:00'),
(81, 5, 'book', '74', '2013-06-23 18:47:00', '2013-06-23 18:47:00'),
(82, 5, 'book', '75', '2013-06-23 18:47:00', '2013-06-23 18:47:00'),
(83, 5, 'book', '76', '2013-06-23 18:47:00', '2013-06-23 18:47:00'),
(84, 3, 'book', '77', '2013-06-23 18:47:00', '2013-06-23 18:47:00'),
(85, 5, 'book', '78', '2013-06-23 18:47:00', '2013-06-23 18:47:00'),
(86, 5, 'book', '79', '2013-06-23 18:47:00', '2013-06-23 18:47:00'),
(87, 5, 'book', '80', '2013-06-23 18:47:00', '2013-06-23 18:47:00'),
(88, 3, 'book', '81', '2013-06-23 18:47:00', '2013-06-23 18:47:00'),
(89, 3, 'book', '82', '2013-06-23 18:47:00', '2013-06-23 18:47:00'),
(90, 4, 'book', '83', '2013-06-23 18:47:00', '2013-06-23 18:47:00'),
(91, 4, 'book', '84', '2013-06-23 18:47:00', '2013-06-23 18:47:00'),
(92, 5, 'book', '85', '2013-06-23 18:47:00', '2013-06-23 18:47:00'),
(93, 4, 'book', '86', '2013-06-23 18:47:00', '2013-06-23 18:47:00'),
(94, 3, 'book', '87', '2013-06-23 18:47:00', '2013-06-23 18:47:00'),
(95, 4, 'book', '88', '2013-06-23 18:47:00', '2013-06-23 18:47:00'),
(96, 4, 'book', '89', '2013-06-23 18:47:00', '2013-06-23 18:47:00'),
(97, 4, 'book', '90', '2013-06-23 18:47:00', '2013-06-23 18:47:00'),
(98, 3, 'book', '91', '2013-06-23 18:47:00', '2013-06-23 18:47:00'),
(99, 3, 'book', '92', '2013-06-23 18:47:00', '2013-06-23 18:47:00'),
(100, 4, 'book', '93', '2013-06-23 18:47:00', '2013-06-23 18:47:00'),
(101, 4, 'book', '94', '2013-06-23 18:47:00', '2013-06-23 18:47:00'),
(102, 4, 'book', '95', '2013-06-23 18:47:00', '2013-06-23 18:47:00'),
(103, 4, 'book', '96', '2013-06-23 18:47:00', '2013-06-23 18:47:00'),
(104, 3, 'book', '97', '2013-06-23 18:47:00', '2013-06-23 18:47:00'),
(105, 3, 'book', '98', '2013-06-23 18:47:00', '2013-06-23 18:47:00'),
(106, 3, 'book', '99', '2013-06-23 18:47:00', '2013-06-23 18:47:00'),
(107, 5, 'book', '100', '2013-06-23 18:47:00', '2013-06-23 18:47:00'),
(108, 4, 'book', '101', '2013-06-23 18:47:00', '2013-06-23 18:47:00'),
(109, 4, 'book', '102', '2013-06-23 18:47:00', '2013-06-23 18:47:00'),
(110, 3, 'book', '104', '2013-06-23 18:47:00', '2013-06-23 18:47:00'),
(111, 5, 'book', '105', '2013-06-23 18:47:00', '2013-06-23 18:47:00'),
(112, 4, 'book', '106', '2013-06-23 18:47:00', '2013-06-23 18:47:00'),
(113, 9, 'book', '107', '2013-06-23 18:47:00', '2013-06-23 18:47:00'),
(114, 5, 'book', '108', '2013-06-23 18:47:00', '2013-06-23 18:47:00'),
(115, 4, 'book', '109', '2013-06-23 18:47:00', '2013-06-23 18:47:00'),
(116, 4, 'book', '110', '2013-06-23 18:47:00', '2013-06-23 18:47:00'),
(118, 3, 'book', '112', '2013-06-23 18:47:00', '2013-06-23 18:47:00'),
(120, 4, 'book', '114', '2013-06-23 18:47:00', '2013-06-23 18:47:00'),
(121, 4, 'book', '115', '2013-06-23 18:47:00', '2013-06-23 18:47:00'),
(122, 4, 'book', '116', '2013-06-23 18:47:00', '2013-06-23 18:47:00'),
(123, 3, 'book', '117', '2013-06-23 18:47:00', '2013-06-23 18:47:00'),
(124, 5, 'book', '118', '2013-06-23 18:47:00', '2013-06-23 18:47:00'),
(125, 2, 'book', '119', '2013-06-23 18:47:00', '2013-06-23 18:47:00'),
(126, 5, 'book', '120', '2013-06-23 18:47:00', '2013-06-23 18:47:00'),
(127, 5, 'book', '122', '2013-06-23 18:47:00', '2013-06-23 18:47:00'),
(128, 4, 'book', '123', '2013-06-23 18:47:00', '2013-06-23 18:47:00'),
(129, 4, 'book', '124', '2013-06-23 18:47:00', '2013-06-23 18:47:00'),
(130, 5, 'book', '125', '2013-06-23 18:47:00', '2013-06-23 18:47:00'),
(131, 4, 'book', '126', '2013-06-23 18:47:00', '2013-06-23 18:47:00'),
(132, 4, 'book', '127', '2013-06-23 18:47:00', '2013-06-23 18:47:00'),
(133, 4, 'book', '128', '2013-06-23 18:47:00', '2013-06-23 18:47:00'),
(134, 7, 'book', '129', '2013-06-23 18:47:00', '2013-06-23 18:47:00'),
(135, 7, 'book', '131', '2013-06-23 18:47:00', '2013-06-23 18:47:00'),
(136, 7, 'book', '132', '2013-06-23 18:47:00', '2013-06-23 18:47:00'),
(137, 7, 'book', '135', '2013-06-23 18:47:00', '2013-06-23 18:47:00'),
(138, 5, 'book', '137', '2013-06-23 18:47:00', '2013-06-23 18:47:00'),
(139, 4, 'book', '138', '2013-06-23 18:47:00', '2013-06-23 18:47:00'),
(142, 4, 'book', '141', '2013-06-23 18:47:00', '2013-06-23 18:47:00'),
(144, 5, 'book', '143', '2013-06-23 18:47:00', '2013-06-23 18:47:00'),
(145, 5, 'book', '144', '2013-06-23 18:47:00', '2013-06-23 18:47:00'),
(146, 5, 'book', '145', '2013-06-23 18:47:00', '2013-06-23 18:47:00'),
(147, 5, 'book', '146', '2013-06-23 18:47:00', '2013-06-23 18:47:00'),
(148, 5, 'book', '147', '2013-06-23 18:47:00', '2013-06-23 18:47:00'),
(149, 4, 'book', '148', '2013-06-23 18:47:00', '2013-06-23 18:47:00'),
(150, 2, 'book', '149', '2013-06-23 18:47:00', '2013-06-23 18:47:00'),
(151, 5, 'book', '150', '2013-06-23 18:47:00', '2013-06-23 18:47:00'),
(152, 5, 'book', '151', '2013-06-23 18:47:00', '2013-06-23 18:47:00'),
(153, 5, 'book', '152', '2013-06-23 18:47:00', '2013-06-23 18:47:00'),
(154, 3, 'book', '153', '2013-06-23 18:47:00', '2013-06-23 18:47:00'),
(155, 5, 'book', '154', '2013-06-23 18:47:00', '2013-06-23 18:47:00'),
(156, 5, 'book', '155', '2013-06-23 18:47:00', '2013-06-23 18:47:00'),
(159, 4, 'book', '158', '2013-06-23 18:47:00', '2013-06-23 18:47:00'),
(161, 4, 'book', '160', '2013-06-23 18:47:00', '2013-06-23 18:47:00'),
(162, 3, 'book', '161', '2013-06-23 18:47:00', '2013-06-23 18:47:00'),
(168, 5, 'book', '168', '2013-06-23 18:47:00', '2013-06-23 18:47:00'),
(172, 5, 'book', '173', '2013-06-23 18:47:00', '2013-06-23 18:47:00'),
(174, 4, 'book', '142', '2013-06-23 18:47:00', '2013-06-23 18:47:00'),
(175, 5, 'book', '169', '2013-06-23 18:47:00', '2013-06-23 18:47:00'),
(177, 5, 'book', '174', '2013-06-23 18:47:00', '2013-06-23 18:47:00'),
(178, 5, 'book', '175', '2013-06-23 18:47:00', '2013-06-23 18:47:00'),
(179, 5, 'book', '176', '2013-06-23 18:47:00', '2013-06-23 18:47:00'),
(180, 5, 'book', '177', '2013-06-23 18:47:00', '2013-06-23 18:47:00'),
(181, 5, 'book', '178', '2013-06-23 18:47:00', '2013-06-23 18:47:00'),
(182, 5, 'book', '179', '2013-06-23 18:47:00', '2013-06-23 18:47:00'),
(183, 5, 'book', '180', '2013-06-23 18:47:00', '2013-06-23 18:47:00'),
(184, 5, 'book', '181', '2013-06-23 18:47:00', '2013-06-23 18:47:00'),
(185, 5, 'book', '182', '2013-06-23 18:47:00', '2013-06-23 18:47:00'),
(186, 5, 'book', '183', '2013-06-23 18:47:00', '2013-06-23 18:47:00'),
(187, 5, 'book', '184', '2013-06-23 18:47:00', '2013-06-23 18:47:00'),
(188, 5, 'book', '185', '2013-06-23 18:47:00', '2013-06-23 18:47:00'),
(189, 5, 'book', '186', '2013-06-23 18:47:00', '2013-06-23 18:47:00'),
(190, 5, 'book', '187', '2013-06-23 18:47:00', '2013-06-23 18:47:00'),
(191, 5, 'book', '188', '2013-06-23 18:47:00', '2013-06-23 18:47:00'),
(192, 5, 'book', '189', '2013-06-23 18:47:00', '2013-06-23 18:47:00'),
(193, 5, 'book', '190', '2013-06-23 18:47:00', '2013-06-23 18:47:00'),
(194, 3, 'book', '190', '2013-06-23 18:47:00', '2013-06-23 18:47:00'),
(195, 5, 'book', '191', '2013-06-23 18:47:00', '2013-06-23 18:47:00'),
(196, 3, 'book', '192', '2013-06-23 18:47:00', '2013-06-23 18:47:00'),
(197, 10, 'book', '192', '2013-06-23 18:47:00', '2013-06-23 18:47:00'),
(198, 5, 'book', '193', '2013-06-23 18:47:00', '2013-06-23 18:47:00'),
(199, 5, 'book', '194', '2013-06-23 18:47:00', '2013-06-23 18:47:00'),
(200, 5, 'book', '195', '2013-06-23 18:47:00', '2013-06-23 18:47:00'),
(201, 11, 'book', '196', '2013-06-23 18:47:00', '2013-06-23 18:47:00'),
(203, 5, 'book', '197', '2013-06-23 18:47:00', '2013-06-23 18:47:00'),
(204, 12, 'book', '198', '2013-06-23 18:47:00', '2013-06-23 18:47:00'),
(205, 9, 'book', '199', '2013-06-23 18:47:00', '2013-06-23 18:47:00'),
(206, 9, 'book', '200', '2013-06-23 18:47:00', '2013-06-23 18:47:00'),
(207, 1, 'book', '200', '2013-06-23 18:47:00', '2013-06-23 18:47:00'),
(208, 9, 'book', '201', '2013-06-23 18:47:00', '2013-06-23 18:47:00'),
(209, 1, 'book', '201', '2013-06-23 18:47:00', '2013-06-23 18:47:00'),
(210, 13, 'book', '201', '2013-06-23 18:47:00', '2013-06-23 18:47:00'),
(211, 14, 'book', '202', '2013-06-23 18:47:00', '2013-06-23 18:47:00'),
(212, 12, 'book', '202', '2013-06-23 18:47:00', '2013-06-23 18:47:00'),
(213, 4, 'book', '111', '2013-06-23 18:47:00', '2013-06-23 18:47:00'),
(215, 5, 'book', '203', '2013-06-23 18:47:00', '2013-06-23 18:47:00'),
(216, 5, 'book', '167', '2013-06-23 18:47:00', '2013-06-23 18:47:00'),
(219, 4, 'book', '159', '2013-06-23 18:47:00', '2013-06-23 18:47:00'),
(222, 3, 'book', '205', '2013-06-23 18:47:00', '2013-06-23 18:47:00'),
(223, 11, 'book', '205', '2013-06-23 18:47:00', '2013-06-23 18:47:00'),
(224, 3, 'book', '206', '2013-06-23 18:47:00', '2013-06-23 18:47:00'),
(225, 5, 'book', '206', '2013-06-23 18:47:00', '2013-06-23 18:47:00'),
(226, 3, 'book', '207', '2013-06-23 18:47:00', '2013-06-23 18:47:00'),
(227, 15, 'book', '207', '2013-06-23 18:47:00', '2013-06-23 18:47:00'),
(232, 5, 'book', '157', '2013-06-23 18:47:00', '2013-06-23 18:47:00'),
(235, 3, 'book', '204', '2013-06-23 18:47:00', '2013-06-23 18:47:00'),
(236, 4, 'book', '204', '2013-06-23 18:47:00', '2013-06-23 18:47:00'),
(240, 3, 'book', '208', '2013-06-23 18:47:00', '2013-06-23 18:47:00'),
(241, 4, 'book', '208', '2013-06-23 18:47:00', '2013-06-23 18:47:00'),
(242, 15, 'book', '208', '2013-06-23 18:47:00', '2013-06-23 18:47:00'),
(245, 4, 'book', '156', '2013-06-23 18:47:00', '2013-06-23 18:47:00'),
(248, 5, 'book', '140', '2013-06-23 18:47:00', '2013-06-23 18:47:00'),
(249, 3, 'book', '140', '2013-06-23 18:47:00', '2013-06-23 18:47:00'),
(251, 3, 'book', '209', '2013-06-23 18:47:00', '2013-06-23 18:47:00'),
(252, 5, 'book', '209', '2013-06-23 18:47:00', '2013-06-23 18:47:00'),
(253, 5, 'book', '210', '2013-06-23 18:47:00', '2013-06-23 18:47:00'),
(255, 3, 'book', '162', '2013-06-23 18:47:00', '2013-06-23 18:47:00'),
(257, 3, 'book', '212', '2013-06-23 18:47:00', '2013-06-23 18:47:00'),
(260, 5, 'book', '211', '2013-06-23 18:47:00', '2013-06-23 18:47:00'),
(262, 5, 'book', '213', '2013-06-23 18:47:00', '2013-06-23 18:47:00'),
(264, 5, 'book', '214', '2013-06-23 18:47:00', '2013-06-23 18:47:00'),
(265, 3, 'book', '215', '2013-06-23 18:47:00', '2013-06-23 18:47:00'),
(266, 5, 'book', '215', '2013-06-23 18:47:00', '2013-06-23 18:47:00'),
(276, 12, 'book', '219', '2013-06-23 18:47:00', '2013-06-23 18:47:00'),
(277, 14, 'book', '219', '2013-06-23 18:47:00', '2013-06-23 18:47:00'),
(280, 4, 'book', '171', '2013-06-23 18:47:00', '2013-06-23 18:47:00'),
(283, 5, 'book', '221', '2013-06-23 18:47:00', '2013-06-23 18:47:00'),
(284, 5, 'book', '222', '2013-06-23 18:47:00', '2013-06-23 18:47:00'),
(285, 3, 'book', '220', '2013-06-23 18:47:00', '2013-06-23 18:47:00'),
(286, 5, 'book', '220', '2013-06-23 18:47:00', '2013-06-23 18:47:00'),
(290, 3, 'book', '223', '2013-06-23 18:47:00', '2013-06-23 18:47:00'),
(291, 4, 'book', '223', '2013-06-23 18:47:00', '2013-06-23 18:47:00'),
(300, 2, 'book', '218', '2013-06-23 18:47:00', '2013-06-23 18:47:00'),
(301, 3, 'book', '218', '2013-06-23 18:47:00', '2013-06-23 18:47:00'),
(302, 5, 'book', '218', '2013-06-23 18:47:00', '2013-06-23 18:47:00'),
(305, 3, 'book', '227', '2013-06-23 18:47:00', '2013-06-23 18:47:00'),
(306, 4, 'book', '227', '2013-06-23 18:47:00', '2013-06-23 18:47:00'),
(315, 4, 'book', '231', '2013-06-23 18:47:00', '2013-06-23 18:47:00'),
(316, 3, 'book', '231', '2013-06-23 18:47:00', '2013-06-23 18:47:00'),
(319, 3, 'book', '217', '2013-06-23 18:47:00', '2013-06-23 18:47:00'),
(320, 4, 'book', '217', '2013-06-23 18:47:00', '2013-06-23 18:47:00'),
(322, 5, 'book', '216', '2013-06-23 18:47:00', '2013-06-23 18:47:00'),
(324, 5, 'book', '233', '2013-06-23 18:47:00', '2013-06-23 18:47:00'),
(325, 2, 'book', '233', '2013-06-23 18:47:00', '2013-06-23 18:47:00'),
(327, 5, 'book', '234', '2013-06-23 18:47:00', '2013-06-23 18:47:00'),
(329, 5, 'book', '236', '2013-06-23 18:47:00', '2013-06-23 18:47:00'),
(330, 5, 'book', '226', '2013-06-23 18:47:00', '2013-06-23 18:47:00'),
(333, 3, 'book', '224', '2013-06-23 18:47:00', '2013-06-23 18:47:00'),
(334, 4, 'book', '224', '2013-06-23 18:47:00', '2013-06-23 18:47:00'),
(344, 3, 'book', '232', '2013-06-23 18:47:00', '2013-06-23 18:47:00'),
(345, 4, 'book', '232', '2013-06-23 18:47:00', '2013-06-23 18:47:00'),
(346, 4, 'book', '165', '2013-06-23 18:47:00', '2013-06-23 18:47:00'),
(355, 4, 'book', '164', '2013-06-23 18:47:00', '2013-06-23 18:47:00'),
(358, 5, 'book', '242', '2013-06-23 18:47:00', '2013-06-23 18:47:00'),
(362, 5, 'book', '139', '2013-06-23 18:47:00', '2013-06-23 18:47:00'),
(366, 2, 'book', '241', '2013-06-23 18:47:00', '2013-06-23 18:47:00'),
(367, 3, 'book', '241', '2013-06-23 18:47:00', '2013-06-23 18:47:00'),
(368, 5, 'book', '241', '2013-06-23 18:47:00', '2013-06-23 18:47:00'),
(371, 2, 'book', '240', '2013-06-23 18:47:00', '2013-06-23 18:47:00'),
(372, 5, 'book', '243', '2013-06-23 18:47:00', '2013-06-23 18:47:00'),
(373, 4, 'book', '2', '2013-06-23 18:47:00', '2013-06-23 18:47:00'),
(376, 3, 'book', '238', '2013-06-23 18:47:00', '2013-06-23 18:47:00'),
(377, 4, 'book', '238', '2013-06-23 18:47:00', '2013-06-23 18:47:00'),
(378, 11, 'book', '238', '2013-06-23 18:47:00', '2013-06-23 18:47:00'),
(379, 16, 'book', '245', '2013-06-23 18:47:00', '2013-06-23 18:47:00'),
(383, 5, 'book', '249', '2013-06-23 18:47:00', '2013-06-23 18:47:00'),
(385, 5, 'book', '248', '2013-06-23 18:47:00', '2013-06-23 18:47:00'),
(387, 5, 'book', '235', '2013-06-23 18:47:00', '2013-06-23 18:47:00'),
(392, 2, 'book', '247', '2013-06-23 18:47:00', '2013-06-23 18:47:00'),
(393, 5, 'book', '247', '2013-06-23 18:47:00', '2013-06-23 18:47:00'),
(403, 5, 'book', '172', '2013-06-23 18:47:00', '2013-06-23 18:47:00'),
(405, 5, 'book', '246', '2013-06-23 18:47:00', '2013-06-23 18:47:00'),
(410, 3, 'book', '229', '2013-06-23 18:47:00', '2013-06-23 18:47:00'),
(411, 4, 'book', '229', '2013-06-23 18:47:00', '2013-06-23 18:47:00'),
(416, 5, 'book', '254', '2013-06-23 18:47:00', '2013-06-23 18:47:00'),
(417, 2, 'book', '254', '2013-06-23 18:47:00', '2013-06-23 18:47:00'),
(418, 3, 'book', '230', '2013-06-23 18:47:00', '2013-06-23 18:47:00'),
(419, 4, 'book', '230', '2013-06-23 18:47:00', '2013-06-23 18:47:00'),
(428, 3, 'book', '252', '2013-06-23 18:47:00', '2013-06-23 18:47:00'),
(429, 4, 'book', '252', '2013-06-23 18:47:00', '2013-06-23 18:47:00'),
(437, 2, 'book', '255', '2013-06-23 18:47:00', '2013-06-23 18:47:00'),
(438, 5, 'book', '255', '2013-06-23 18:47:00', '2013-06-23 18:47:00'),
(439, 11, 'book', '255', '2013-06-23 18:47:00', '2013-06-23 18:47:00'),
(442, 4, 'book', '258', '2013-06-23 18:47:00', '2013-06-23 18:47:00'),
(443, 9, 'book', '258', '2013-06-23 18:47:00', '2013-06-23 18:47:00'),
(447, 2, 'book', '237', '2013-06-23 18:47:00', '2013-06-23 18:47:00'),
(448, 13, 'book', '237', '2013-06-23 18:47:00', '2013-06-23 18:47:00'),
(450, 5, 'book', '259', '2013-06-23 18:47:00', '2013-06-23 18:47:00'),
(453, 3, 'book', '257', '2013-06-23 18:47:00', '2013-06-23 18:47:00'),
(454, 5, 'book', '257', '2013-06-23 18:47:00', '2013-06-23 18:47:00'),
(459, 3, 'book', '260', '2013-06-23 18:47:00', '2013-06-23 18:47:00'),
(460, 5, 'book', '260', '2013-06-23 18:47:00', '2013-06-23 18:47:00'),
(464, 3, 'book', '256', '2013-06-23 18:47:00', '2013-06-23 18:47:00'),
(465, 4, 'book', '256', '2013-06-23 18:47:00', '2013-06-23 18:47:00'),
(466, 5, 'book', '256', '2013-06-23 18:47:00', '2013-06-23 18:47:00'),
(469, 3, 'book', '261', '2013-06-23 18:47:00', '2013-06-23 18:47:00'),
(470, 5, 'book', '261', '2013-06-23 18:47:00', '2013-06-23 18:47:00'),
(471, 2, 'book', '253', '2013-06-23 18:47:00', '2013-06-23 18:47:00'),
(472, 5, 'book', '253', '2013-06-23 18:47:00', '2013-06-23 18:47:00'),
(474, 5, 'book', '166', '2013-06-23 18:47:00', '2013-06-23 18:47:00'),
(477, 2, 'book', '250', '2013-06-23 18:47:00', '2013-06-23 18:47:00'),
(478, 5, 'book', '250', '2013-06-23 18:47:00', '2013-06-23 18:47:00'),
(482, 17, 'book', '262', '2013-06-23 18:47:00', '2013-06-23 18:47:00'),
(483, 18, 'book', '262', '2013-06-23 18:47:00', '2013-06-23 18:47:00'),
(484, 2, 'book', '251', '2013-06-23 18:47:00', '2013-06-23 18:47:00'),
(485, 5, 'book', '251', '2013-06-23 18:47:00', '2013-06-23 18:47:00'),
(486, 11, 'book', '251', '2013-06-23 18:47:00', '2013-06-23 18:47:00'),
(487, 5, 'book', '263', '2013-06-23 18:47:00', '2013-06-23 18:47:00'),
(488, 2, 'book', '263', '2013-06-23 18:47:00', '2013-06-23 18:47:00'),
(489, 3, 'book', '263', '2013-06-23 18:47:00', '2013-06-23 18:47:00'),
(490, 5, 'book', '264', '2013-06-23 18:47:00', '2013-06-23 18:47:00'),
(491, 3, 'book', '265', '2013-06-23 18:47:00', '2013-06-23 18:47:00'),
(492, 4, 'book', '265', '2013-06-23 18:47:00', '2013-06-23 18:47:00'),
(497, 3, 'book', '267', '2013-06-23 18:47:00', '2013-06-23 18:47:00'),
(498, 4, 'book', '267', '2013-06-23 18:47:00', '2013-06-23 18:47:00'),
(499, 3, 'book', '225', '2013-06-23 18:47:00', '2013-06-23 18:47:00'),
(500, 4, 'book', '225', '2013-06-23 18:47:00', '2013-06-23 18:47:00'),
(507, 2, 'book', '268', '2013-06-23 18:47:00', '2013-06-23 18:47:00'),
(508, 5, 'book', '268', '2013-06-23 18:47:00', '2013-06-23 18:47:00'),
(513, 3, 'book', '228', '2013-06-23 18:47:00', '2013-06-23 18:47:00'),
(514, 4, 'book', '228', '2013-06-23 18:47:00', '2013-06-23 18:47:00'),
(517, 5, 'book', '271', '2013-06-23 18:47:00', '2013-06-23 18:47:00'),
(518, 2, 'book', '271', '2013-06-23 18:47:00', '2013-06-23 18:47:00'),
(519, 5, 'book', '272', '2013-06-23 18:47:00', '2013-06-23 18:47:00'),
(520, 2, 'book', '272', '2013-06-23 18:47:00', '2013-06-23 18:47:00'),
(521, 2, 'book', '270', '2013-06-23 18:47:00', '2013-06-23 18:47:00'),
(522, 5, 'book', '270', '2013-06-23 18:47:00', '2013-06-23 18:47:00'),
(525, 3, 'book', '274', '2013-06-23 18:47:00', '2013-06-23 18:47:00'),
(526, 2, 'book', '274', '2013-06-23 18:47:00', '2013-06-23 18:47:00'),
(527, 5, 'book', '274', '2013-06-23 18:47:00', '2013-06-23 18:47:00'),
(528, 3, 'book', '266', '2013-06-23 18:47:00', '2013-06-23 18:47:00'),
(529, 4, 'book', '266', '2013-06-23 18:47:00', '2013-06-23 18:47:00'),
(532, 5, 'book', '276', '2013-06-23 18:47:00', '2013-06-23 18:47:00'),
(533, 2, 'book', '276', '2013-06-23 18:47:00', '2013-06-23 18:47:00'),
(534, 3, 'book', '277', '2013-06-23 18:47:00', '2013-06-23 18:47:00'),
(535, 5, 'book', '277', '2013-06-23 18:47:00', '2013-06-23 18:47:00'),
(536, 4, 'book', '277', '2013-06-23 18:47:00', '2013-06-23 18:47:00'),
(537, 3, 'book', '273', '2013-06-23 18:47:00', '2013-06-23 18:47:00'),
(538, 5, 'book', '273', '2013-06-23 18:47:00', '2013-06-23 18:47:00'),
(541, 2, 'book', '275', '2013-06-23 18:47:00', '2013-06-23 18:47:00'),
(542, 5, 'book', '275', '2013-06-23 18:47:00', '2013-06-23 18:47:00'),
(543, 2, 'book', '269', '2013-06-23 18:47:00', '2013-06-23 18:47:00'),
(544, 5, 'book', '269', '2013-06-23 18:47:00', '2013-06-23 18:47:00'),
(547, 5, 'book', '283', '2013-07-04 21:26:17', '2013-07-04 21:26:17'),
(548, 2, 'book', '296', '2013-07-31 20:09:51', '2013-07-31 20:09:51'),
(553, 2, 'book', '301', '2013-08-06 19:32:37', '2013-08-06 19:32:37'),
(554, 2, 'book', '302', '2013-08-06 19:42:59', '2013-08-06 19:42:59'),
(555, 2, 'book', '303', '2013-08-06 19:43:29', '2013-08-06 19:43:29'),
(556, 5, 'book', '303', '2013-08-08 20:28:24', '2013-08-08 20:28:24'),
(557, 5, 'book', '304', '2013-08-11 18:56:50', '2013-08-11 18:56:50'),
(558, 2, 'book', '304', '2013-08-11 18:56:50', '2013-08-11 18:56:50'),
(559, 2, 'book', '305', '2014-01-21 19:43:20', '2014-01-21 19:43:20'),
(564, 5, 'book', '113', '2014-01-21 21:50:22', '2014-01-21 21:50:22');

--
-- Rajoitteet vedostauluille
--

--
-- Rajoitteet taululle `book_author`
--
ALTER TABLE `book_author`
  ADD CONSTRAINT `FK_9478D345F675F31B` FOREIGN KEY (`author_id`) REFERENCES `author` (`id`) ON DELETE NO ACTION ON UPDATE NO ACTION,
  ADD CONSTRAINT `FK_9478D34516A2B381` FOREIGN KEY (`book_id`) REFERENCES `book` (`id`) ON DELETE NO ACTION ON UPDATE NO ACTION;

--
-- Rajoitteet taululle `xi_tagging`
--
ALTER TABLE `xi_tagging`
  ADD CONSTRAINT `FK_431075D2BAD26311` FOREIGN KEY (`tag_id`) REFERENCES `xi_tag` (`id`) ON DELETE NO ACTION ON UPDATE NO ACTION;

/*!40101 SET CHARACTER_SET_CLIENT=@OLD_CHARACTER_SET_CLIENT */;
/*!40101 SET CHARACTER_SET_RESULTS=@OLD_CHARACTER_SET_RESULTS */;
/*!40101 SET COLLATION_CONNECTION=@OLD_COLLATION_CONNECTION */;
